"id","filename","orig_status","cur_status","pub_year","date_approx","author","script","title","type","series","edition","ocr_quality","language","translated_from","pub_city","country","source","source_url"
1,"McGillLibrary-rbsc_365-menus-365-recettes_TX728P651938-17651_rbsc_365-menus-365-recettes_TX728P651938.epub","text","words",1938,,"Édouard de Pomiane",,"365 menus, 365 recettes",,,,0.75741756297942,"French",,"Paris","France","Archive.org",
2,"McGillLibrary-105274-89_105274.epub","text","words",1929,,,,"A table! : chez Tante Claire","Bourgeois cooking",,,0.97999999947736,"French",,"Paris","France","Archive.org",
3,"b2153262x_b2153262x.epub","text","words",1855,,"Louis-Eustache Audot",,"Almanach des ménagères et des gastronomes",,,,0.942857142857143,"French",,"Paris","France","Archive.org",
4,"commentonformeun02seig_commentonformeun02seig.epub","text","words",1904,,"Madame Seignobos",,"Comment on forme une cuisinière (deuxième partie volailles, gibiers, sauces)","Bourgeois cooking",,,0.867385201181019,"French",,"Paris","France","Archive.org",
5,"commentonformeun01seig_commentonformeun01seig.epub","text","words",1904,,"Madame Seignobos",,"Comment on forme une cuisinière (première partie viandes de boucherie)","Bourgeois cooking",,,0.871212121212121,"French",,"Paris","France","Archive.org",
6,"commentonformeun04seig_commentonformeun04seig.epub","text","words",1904,,"Madame Seignobos",,"Comment on forme une cuisinière (quatrième partie conserves, sirops, confitures)","Bourgeois cooking",,,0.916666666666666,"French",,"Paris","France","Archive.org",
7,"commentonformeun03seig_commentonformeun03seig.epub","text","words",1904,,"Madame Seignobos",,"Comment on forme une cuisinière (troisième partie potages, pâtes, oeufs, légumes, poissons)","Bourgeois cooking",,,0.922870139431285,"French",,"Paris","France","Archive.org",
8,"bnf-bpt6k65490239.epub","text","words",1876,,"Urbain-Dubois",,"École des cuisinières, méthodes élémentaires, économiques","Fine cooking",,2,0.863437583963129,"French",,"Paris","France","Archive.org",
9,"grandeencyclopedieillustreedeconomiedomestiqueetruralev1_Trousset+Grande+encyclopedie+illustree+deconomie+domestique+et+rurale++v_1.epub","text","words",1877,,"Jules Trousset",,"Grande encyclopédie illustrée d'économie domestique et rurale (Tome 1 A-F)","Bourgeois cooking",,,0.65914164665107,"French",,"Paris","France","Archive.org",
10,"b28054805_b28054805.epub","text","words",1890,1,"Mme C. Durandeau",,"Guide de la bonne cuisinière ","Bourgeois cooking","Guide de la bonne cuisinière ",11,0.961837745818994,"French",,"Paris","France","Archive.org",
11,"b2807998x_b2807998x.epub","text","words",1898,1,"Mme C. Durandeau",,"Guide de la bonne cuisinière ","Bourgeois cooking","Guide de la bonne cuisinière ",13,0.979980062542193,"French",,"Paris","France","Archive.org",
12,"b28080002_b28080002.epub","text","words",1900,1,"Mme C. Durandeau",,"Guide de la bonne cuisinière ","Bourgeois cooking","Guide de la bonne cuisinière ",17,0.948007649041829,"French",,"Paris","France","Archive.org",
13,"1882 Cuisine artistique","text","words",1882,,"Urbain-Dubois",,"La cuisine artistique (première partie)","Fine cooking",,2,0.75,"French",,"Paris","France","Gallica",
14,"1906 La cuisine bourgeoise","text","words",1906,,"Auguste Colombié",,"La cuisine bourgeoise Tome II","Bourgeois cooking",,1,0.99,"French",,"Meulan","France","Gallica",
15,"1868 La cuisine classique","text","words",1869,,"Urbain Dubois et Émile Bernard",,"La cuisine classique","Fine cooking",,3,0.97999998805924,"French",,"Paris","France","Gallica",
16,"atf9229.0001.001.umich.edu_atf9229.0001.001.umich.edu.epub","text","words",1895,,"Catherine de Bonnechère",,"La cuisine du siècle","Bourgeois cooking",,,0.788540231540435,"French",,"Paris","France","Archive.org",
17,"1922 La cuisine et la table modernes","text","words",1922,,,,"La cuisine et la table modernes","Bourgeois cooking",,,0.990778306825879,"French",,"Paris","France","Gallica",
18,"1865 La cuisine française","text","words",1864,,"A. Gogué",,"La cuisine française","Fine cooking",,3,0.991115630942775,"French",,"Paris","France","Gallica",
19,"1876 La cuisine française","text","words",1876,,"A. Gogué",,"La cuisine française","Fine cooking",,5,0.989999999999994,"French",,"Paris","France","Gallica",
20,"1848  La cuisine ordinaire","text","words",1848,,"Beauvilliers et Carême",,"La cuisine ordinaire. Tome 1","Bourgeois cooking",,,0.995,"French",,"Paris","France","Gallica",
21,"b21525663_b21525663.epub","text","words",1900,1,,,"La cuisine pratique de Françoise","Bourgeois cooking",,,0.972730973732975,"French",,"Paris","France","Archive.org",
22,"1900 La Cuisine rationnelle","text","words",1900,,"Dr Ern. Nyssens",,"La cuisine rationnelle","Rational and medical",,,0.98666666607191,"French",,"Paris, Bruxelles","France, Belgium","Gallica",
23,"1907 La cuisine rationnelle des malades et des bien portants","text","words",1907,,"Mme Augusta Moll-Weiss",,"La cuisine rationnelle des malades et des bien portants","Rational and medical",,,1,"French",,"Paris","France","Gallica",
24,"1913 La Cuisine simple","text","words",1913,,"Tante Mag",,"La Cuisine simple","Bourgeois cooking",,,0.986998453013496,"French",,"Paris","France","Gallica",
25,"b22018141_b22018141.epub","text","words",1827,,,,"La cuisinière bourgeoise","Bourgeois cooking",,5,0.745859255285209,"French",,"Paris","France","Archive.org",
26,"b29318476_b29318476.epub","text","words",1829,,,,"La cuisinière bourgeoise","Bourgeois cooking",,7,0.63242489009428,"French",,"Paris","France","Archive.org",
27,"lacuisinieredela00audo_0_lacuisinieredela00audo_0.epub","text","words",1829,,"Louis-Eustache Audot",,"La cuisinière de la campagne et de la ville","Bourgeois cooking","La cuisinière de la campagne et de la ville",8,0.588843028205117,"French",,"Paris","France","Archive.org",
28,"b2153259x_b2153259x.epub","text","words",1836,,"Louis-Eustache Audot",,"La cuisinière de la campagne et de la ville","Bourgeois cooking","La cuisinière de la campagne et de la ville",20,0.97,"French",,"Paris","France","Archive.org",
29,"b2152564x_b2152564x.epub","text","words",1839,,"Louis-Eustache Audot",,"La cuisinière de la campagne et de la ville","Bourgeois cooking","La cuisinière de la campagne et de la ville",23,0.768119241743539,"French",,"Paris","France","Archive.org",
30,"bub_gb_AXk7AAAAcAAJ_bub_gb_AXk7AAAAcAAJ.epub","text","words",1853,,"Louis-Eustache Audot",,"La cuisinière de la campagne et de la ville","Bourgeois cooking","La cuisinière de la campagne et de la ville",33,0.925,"French",,"Paris","France","Archive.org",
31,"b21505470_b21505470.epub","text","words",1854,,"Louis-Eustache Audot",,"La cuisinière de la campagne et de la ville","Bourgeois cooking","La cuisinière de la campagne et de la ville",34,0.956115630942774,"French",,"Paris","France","Archive.org",
32,"lacuisiniredela03audogoog_lacuisiniredela03audogoog.epub","text","words",1858,,"Louis-Eustache Audot",,"La cuisinière de la campagne et de la ville","Bourgeois cooking","La cuisinière de la campagne et de la ville",38,0.96,"French",,"Paris","France","Archive.org",
33,"lacuisiniredela00audogoog_lacuisiniredela00audogoog.epub","text","words",1872,,"Louis-Eustache Audot",,"La cuisinière de la campagne et de la ville","Bourgeois cooking","La cuisinière de la campagne et de la ville",50,0.792846737910481,"French",,"Paris","France","Archive.org",
34,"lacuisiniredela01audogoog_lacuisiniredela01audogoog.epub","text","words",1879,,"Louis-Eustache Audot",,"La cuisinière de la campagne et de la ville","Bourgeois cooking","La cuisinière de la campagne et de la ville",57,0.851262742523866,"French",,"Paris","France","Archive.org",
35,"lacuisiniredela02audogoog_lacuisiniredela02audogoog.epub","text","words",1893,,"Louis-Eustache Audot",,"La cuisinière de la campagne et de la ville","Bourgeois cooking","La cuisinière de la campagne et de la ville",71,0.782866986858495,"French",,"Paris","France","Archive.org",
36,"b21539406_b21539406.epub","text","words",1909,,"Louis-Eustache Audot",,"La cuisinière de la campagne et de la ville","Bourgeois cooking","La cuisinière de la campagne et de la ville",87,0.961115512085302,"French",,"Paris","France","Archive.org",
37,"b21525559_b21525559.epub","text","words",1829,,,,"La Cuisinière du Haut-Rhin","Bourgeois cooking",,,0.69402127304659,"French","de","Mulhausen","France","Archive.org",
38,"b28131186_b28131186.epub","text","words",1850,1,"Édouard Hocquart",,"La cuisinière modèle","Bourgeois cooking",,5,0.98,"French",,"Paris","France","Archive.org",
39,"b21532655_b21532655.epub","text","words",1909,1,"Mme E.H Gabrielle",,"La cuisinière modèle","Bourgeois cooking",,,0.975,"French",,"Paris","France","Archive.org",
40,"CuisiniereProvencaleReboul1900_La-cuisiniere-provençale1909.epub","text","words",1900,,"Jean-Baptiste Reboul",,"La cuisinière Provençale","Bourgeois cooking",,3,0.712103995624354,"French",,"Marseilles","France","Archive.org",
41,"1883 La cuisinière universelle","text","words",1883,,"Madame la comtesse de Bassanville",,"La cuisinière universelle","Bourgeois cooking",,,0.968169903319279,"French",,"Paris","France","Gallica",
42,"b28095509_b28095509.epub","text","words",1902,,"Prosper Salles et Prosper Montagné",,"La grande cuisine illustrée","Fine cooking",,4,0.984999913742505,"French",,"Paris","France","Archive.org",
43,"lanouvellecuisi00unkngoog_lanouvellecuisi00unkngoog.epub","text","words",1817,,,,"La nouvelle cuisinière bourgeoise","Bourgeois cooking",,4,0.784185311080833,"French",,"Paris","France","Archive.org",
44,"lanouvellecuisi00frangoog_lanouvellecuisi00frangoog.epub","text","words",1900,,"Franc-Nohain",,"La nouvelle cuisinière bourgeoise","Bourgeois cooking",,,0.842833228486019,"French",,"Paris","France","Archive.org",
45,"b20397276_b20397276.epub","text","words",1865,,"Mlle Madeleine",,"La parfaite cuisiniére bourgeoise","Bourgeois cooking",,4,0.944357625775404,"French",,"Paris","France","Archive.org",
46,"b28049135_b28049135.epub","text","words",1884,,,,"La petite cuisine du baron Brisse",,,6,0.979999968268559,"French",,"Paris","France","Archive.org",
47,"b21525651_b21525651.epub","text","words",1899,,"Carlotto Schulz",,"La table du végétarien","Vegetarian",,,0.736521764437216,"French","de","Paris, Bruxelles","France, Belgium","Archive.org","https://archive.org/details/b21525651"
48,"b21525602_b21525602.epub","text","words",1910,1,"Tante Marie",,"La véritable cuisine de famille","Bourgeois cooking",,,0.953895275160608,"French",,"Paris","France","Archive.org",
49,"1886 Le bon cuisinier illustré","text","words",1886,,"Léon Souchay",,"Le bon cuisinier illustré","Fine cooking",,,0.994999999999948,"French",,"Paris","France","Gallica",
50,"leconfiseurroyal00frie_leconfiseurroyal00frie.epub","text","words",1818,,"Mme Utrecht-Friedel",,"Le confiseur royal","Fine cooking, Pastry",,5,0.527496986086209,"French",,"Paris","France","Archive.org",
51,"b22021772_b22021772.epub","text","words",1828,,"Mlle Marguerite",,"Le cordon bleu. Nouvelle cuisinière bourgeoise ","Bourgeois cooking",,2,0.953020134228176,"French",,"Paris","France","Archive.org",
52,"b24967701_b24967701.epub","text","words",1869,1,"Mlle Marguerite",,"Le cordon bleu. Nouvelle cuisinière bourgeoise ","Bourgeois cooking",,,0.975,"French",,"Paris","France","Archive.org",
53,"1883 Le Cuisinier à la bonne franquette","text","words",1883,,"Mique Grandchamp",,"Le cuisinier à la bonne franquette","Bourgeois cooking",,1,1,"French",,"Annecy","France","Gallica",
54,"1844 Le cuisinier des cuisiniers","text","words",1844,,,,"Le cuisinier des cuisiniers","Fine cooking","Le cuisinier des cuisiniers",10,0.995,"French",,"Paris","France","Gallica",
55,"b28054532_b28054532.epub","text","words",1877,,"Jourdan-Lecointe",,"Le cuisinier des cuisiniers","Fine cooking","Le cuisinier des cuisiniers",22,0.966465004627623,"French",,"Paris","France","Archive.org",
56,"b28117700_b28117700.epub","text","words",1880,1,"Jourdan-Lecointe",,"Le cuisinier des cuisiniers","Fine cooking","Le cuisinier des cuisiniers",30,0.989993221774867,"French",,"Paris","France","Archive.org",
57,"1869 Le Cuisinier des cuisiniers","text","words",1869,,"Jourdan-Lecointe",,"Le cuisinier des cuisiniers","Fine cooking","Le cuisinier des cuisiniers",,1,"French",,"Paris","France","Gallica",
58,"1829  Le Cuisinier des gourmands","text","words",1829,,"A. Martin",,"Le Cuisinier des gourmands","Fine cooking",,,0.987477880975712,"French",,"Paris","France","Gallica",
59,"lecuisiniermoder01garl_lecuisiniermoder01garl.epub","text","words",1889,,"Gustave Garlin",,"Le cuisinier moderne (Tome 1)","Fine cooking",,2,0.613273062170306,"French",,"Paris","France","Archive.org",
60,"b28079140_b28079140.epub","text","words",1853,,"Viart, Fouret et Délan",,"Le cuisinier national de la ville et de la campagne (ex cuisinier royal)","Fine cooking","Le cuisinier royal",22,0.945,"French",,"Paris","France","Archive.org",
61,"b21525444_b21525444.epub","text","words",1836,,"M.A. Chevrier",,"Le cuisinier national et universel","Fine cooking",,,0.95,"French",,"Paris","France","Archive.org",
62,"b21525407_b21525407.epub","text","words",1849,,"Antonin Carême",,"Le cuisinier parisien, ou l'art de la cuisine française au dix-neuvième siècle","Fine cooking",,2,0.942379829753569,"French",,"Paris","France","Archive.org",
63,"b29300125_b29300125.epub","text","words",1842,,"Antonin Carême",,"Le cuisinier parisien, ou l'art de la cuisine française au dix-neuvième siècle","Fine cooking",,3,0.760109842860198,"French",,"Paris","France","Archive.org",
64,"1817 Le cuisinier royal","text","words",1817,,"Viart",,"Le cuisinier royal","Fine cooking","Le cuisinier royal",9,0.997446064795266,"French",,"Paris","France","Gallica",
65,"1823 Le cuisinier royal","text","words",1822,,"Viart et Fouret",,"Le cuisinier royal","Fine cooking","Le cuisinier royal",11,1,"French",,"Paris","France","Gallica",
66,"b21532679_b21532679.epub","text","words",1840,,"Viart",,"Le cuisinier royal","Fine cooking","Le cuisinier royal",17,0.522414944031273,"French",,"Paris","France","Archive.org",
67,"b21532680_b21532680.epub","text","words",1844,,"Viart",,"Le cuisinier royal","Fine cooking","Le cuisinier royal",19,0.591020715937761,"French",,"Paris","France","Archive.org",
68,"b21525845_b21525845.epub","text","words",1846,,"Viart, Fouret et Délan",,"Le cuisinier royal","Fine cooking","Le cuisinier royal",20,0.928478574706556,"French",,"Paris","France","Archive.org",
69,"leglacierroyalo00conggoog_leglacierroyalo00conggoog.epub","text","words",1844,,"Bernardi",,"Le glacier royal","Fine cooking, Pastry",,,0.934999967017374,"French",,"Paris","France","Archive.org",
70,"1912 Le guide culinaire","text","words",1912,,"Auguste Escoffier",,"Le guide culinaire","Fine cooking",,3,0.997349866001824,"French",,"Paris","France","Gallica",
71,"b28125629_b28125629.epub","text","words",1877,,"Jules Gouffé",,"Le livre de cuisine","Fine cooking","Le livre de cuisine",4,0.714060739996244,"French",,"Paris","France","Archive.org",
72,"1893 Le livre de cuisine","text","words",1893,,"Jules Gouffé",,"Le livre de cuisine","Fine cooking","Le livre de cuisine",8,0.989553081355098,"French",,"Paris","France","Gallica",
73,"GoufPa_Gouf_pa.epub","text","words",1873,,"Jules Gouffé",,"Le Livre De Patisserie","Fine cooking",,,0.31118566368732,"French",,"Paris","France","Archive.org",
74,"b2152578x_b2152578x.epub","text","words",1869,,"Jules Gouffé",,"Le livre des conserves","Fine cooking",,,0.731802368262626,"French",,"Paris","France","Archive.org",
75,"lememorialdesgla00laca_lememorialdesgla00laca.epub","text","words",1911,,"Pierre Lacam",,"Le mémorial des glaces et entremets","Fine cooking",,3,0.450706653284271,"French",,"Paris","France","Archive.org",
76,"b28054234_b28054234.epub","text","words",1900,,"Pierre Lacam",,"Le mémorial historique et géographique de la pâtisserie","Fine cooking",,5,0.678905055925411,"French",,"Paris","France","Archive.org",
77,"1813 Le Nouveau cuisinier impérial","text","words",1813,,,,"Le Nouveau cuisinier impérial","Fine cooking",,,0.996837818603991,"French",,"Paris","France","Gallica",
78,"lenouveaulivrede00raym_lenouveaulivrede00raym.epub","text","words",1886,,"Mlle Emmeline Raymond",,"Le nouveau livre de cuisine","Bourgeois cooking",,,0.965,"French",,"Paris","France","Archive.org",
79,"leparfaitcuisini00raim_leparfaitcuisini00raim.epub","text","words",1822,,"A.T. Raimbaut",,"Le parfait cuisinier","Fine cooking",,4,0.630360280983915,"French",,"Paris","France","Archive.org",
80,"leparfaitcuisin00goog_leparfaitcuisin00goog.epub","text","words",1825,,"A.T. Raimbaut",,"Le parfait cuisinier","Fine cooking",,5,0.799216995409459,"French",,"Paris","France","Archive.org",
81,"b28109235_b28109235.epub","text","words",1880,1,"Émile Dumont",,"Le parfait patissier","Fine cooking",,,0.963849722767014,"French",,"Paris","France","Archive.org",
82,"1827 Le petit cuisinier de la ville et de la campagne","text","words",1827,,"M. Gauthier",,"Le petit cuisinier de la ville et de la campagne","Bourgeois cooking",,1,0.935483870967742,"French",,"Lons-le-Saunier","France","Gallica",
83,"1923 Le répertoire de la cuisine","text","words",1923,,"Th. Gringoire et L. Saulnier",,"Le répertoire de la cuisine","Fine cooking",,3,0.992987790606312,"French",,"Paris, Londres","France, United Kingdom","Gallica",
84,"letourdumondeen00villgoog_letourdumondeen00villgoog.epub","text","words",1903,,"A. de Villiers",,"Le tour du monde en quatre-vingts recettes",,,,0.666071378995342,"French",,"Paris","France","Archive.org",
85,"1886 Les cent mille recettes de la bonne cuisinière bourgeoise","text","words",1886,,"Sophie Wattel",,"Les cent mille recettes de la bonne cuisinière bourgeoise à la ville et à la campagne","Bourgeois cooking",,,0.975,"French",,"Paris","France","Gallica",
86,"b28087768_b28087768.epub","text","words",1890,,"A. Héraud",,"Les secrets de l'alimentation à la ville et à la campagne","Fine cooking",,,0.746139071573493,"French",,"Paris","France","Archive.org",
87,"1856 Les secrets de la cuisine française","text","words",1856,,"A. Gogué",,"Les secrets de la cuisine française","Fine cooking",,,1,"French",,"Paris","France","Gallica",
88,"b21538633_b21538633.epub","text","words",1904,,"G.S.",,"Les soupes de France",,,,0.758620689655171,"French",,"Paris","France","Archive.org",
89,"1934 Ma Cuisine","text","words",1934,,"Auguste Escoffier",,"Ma Cuisine","Fine cooking",,,0.985,"French",,"Paris","France","Gallica",
90,"bub_gb_CjE3x6ZjrDAC_bub_gb_CjE3x6ZjrDAC.epub","text","words",1851,,"Mlle Catherine",,"Manuel complet de la cuisinière bourgeoise","Bourgeois cooking",,32,0.894999983187838,"French",,"Paris","France","Archive.org",
91,"b21525596_b21525596.epub","text","words",1885,1,"Mlle Catherine",,"Manuel complet de la cuisinière bourgeoise","Bourgeois cooking",,94,0.71169857005468,"French",,"Paris","France","Archive.org",
92,"b28055032_b28055032.epub","text","words",1876,1,,,"Manuel de cuisine","Fine cooking",,,0.837222951054099,"French",,"Paris","France","Archive.org",
93,"1831 Manuel du cuisinier et de la cuisinière","text","words",1831,,"M. Cardelli",,"Manuel du cuisinier et de la cuisinière","Bourgeois cooking",,,0.996828915287426,"French",,"Paris","France","Gallica",
94,"ManuelPratiqueDeCuisineProvenale...Bpt6k209762v_Manuel_pratique_de_cuisine_provençale_[...]_bpt6k209762v.epub","text","words",1920,,,,"Manuel Pratique De Cuisine Provençale ","Bourgeois cooking",,,0.739591285787029,"French",,"Marseilles","France","Archive.org",
95,"b28053771_b28053771.epub","text","words",1896,,"Paul Friand",,"Notre cuisine",,,,0.611092978738339,"French",,"Paris","France","Archive.org",
96,"b21525560_b21525560.epub","text","words",1850,1,,,"Nouveau manuel de la cuisinière bourgeoise et économique","Bourgeois cooking",,,0.678825620099887,"French",,"Paris","France","Archive.org",
97,"b28054787_b28054787.epub","text","words",1866,,,,"Nouveau manuel de la cuisinière bourgeoise et économique","Bourgeois cooking",,,0.707447745743764,"French",,"Paris","France","Archive.org",
98,"1838  Nouveau manuel du cuisinier","text","words",1838,,"Chevrier",,"Nouveau manuel du cuisinier","Fine cooking",,2,0.995,"French",,"Paris, Limoges","France","Gallica",
99,"nouvellecuisineb00dubo_nouvellecuisineb00dubo.epub","text","words",1900,1,"Urbain-Dubois",,"Nouvelle cuisine bourgeoise","Bourgeois cooking",,23,0.606797005367627,"French",,"Paris","France","Archive.org",
100,"b22026204_b22026204.epub","text","words",1840,,"M. Lombez",,"Nouvelle cuisinière bourgeoise","Bourgeois cooking",,,0.99,"French",,"Limoges","France","Archive.org",
101,"nouvellecuisini00lombgoog_nouvellecuisini00lombgoog.epub","text","words",1842,,"M. Lombez",,"Nouvelle cuisinière bourgeoise","Bourgeois cooking",,,0.709313752739994,"French",,"Paris","France","Archive.org",
102,"b28078779_b28078779.epub","text","words",1858,1,,,"Petite cuisinière des ménages","Bourgeois cooking",,,0.901315732639638,"French",,"Paris","France","Archive.org",
103,"posiesgourmande00cuisgoog_posiesgourmande00cuisgoog.epub","text","words",1900,,"Achille Ozanne",,"Poésies gourmandes: recettes culinaires en vers","Poetry",,,0.717743125143665,"French",,"Paris","France","Archive.org",
104,"regimevegetalien00coqu_regimevegetalien00coqu.epub","text","words",1914,,"Mesdames Coquelet et Tissier",,"Régime végétalien","Vegetarian",,,0.627119009489779,"French",,"Paris","France","Archive.org",
105,"1894 Traité pratique de cuisine bourgeoise au gaz","text","words",1894,,"Auguste Colombié",,"Traité pratique de cuisine bourgeoise au gaz","Bourgeois cooking",,,0.995,"French",,"Paris","France","Gallica",
106,"Bréviaire du gastronome 1864","text","words",1864,,"Louis-Eustache Audot",,"Bréviaire du gastronome",,,,0.991609837932733,"French",,"Paris","France","Gallica",
107,"La cuisinière de la campagne et de la ville 1898","text","words",1898,,"Louis-Eustache Audot",,"La cuisinière de la campagne et de la ville","Bourgeois cooking","La cuisinière de la campagne et de la ville",76,0.995,"French",,"Paris","France","Gallica",
108,"la cuisinière de la campagne et de la ville 1900","text","words",1900,,"Louis-Eustache Audot",,"La cuisinière de la campagne et de la ville","Bourgeois cooking","La cuisinière de la campagne et de la ville",78,0.99,"French",,"Paris","France","Gallica",
109,"f1n194.pdf","pdf","words",1867,,,,"La cuisinière des cuisinières","Bourgeois cooking",,,0.813625795832901,"French",,"Limoges","France","Gallica",
110,"Ma cuisine par C. Asserolette","text","words",1890,,"C. Asserolle",,"Ma Cuisine","Bourgeois cooking",,,0.984118763238937,"French",,"Paris","France","Gallica",
111,"La cuisine pour tous","text","words",1881,,,,"La cuisine pour tous","Bourgeois cooking",,,0.991062543141437,"French",,"Paris","France","Gallica",
112,"le riz","text","words",1927,,"Auguste Escoffier",,"Le riz","Bourgeois cooking",,,0.976744186046276,"French",,"Paris","France","Gallica",
113,"Le guide culinaire","text","words",1903,,"Auguste Escoffier",,"Le guide culinaire","Fine cooking",,,1,"French",,"Paris","France","Gallica",
114,"Le_livre_de_cuisine_ _[...]Gouffé_Jules_bpt6k15203837.pdf","pdf","words",1867,,"Jules Gouffé",,"Le livre de cuisine","Fine cooking","Le livre de cuisine",,0.784931289871897,"French",,"Paris","France","Gallica",
115,"Le_livre_de_cuisine_ _[...]Gouffé_Jules_bpt6k3410463q.pdf","pdf","words",1884,,"Jules Gouffé",,"Le livre de cuisine","Fine cooking","Le livre de cuisine",6,0.755124750531227,"French",,"Paris","France","Gallica",
116,"pg52879.epub","text","words",1843,,"Viktorine Schiller","fraktur","Neuestes Süddeutsches Kochbuch für alle Stände","Bourgeois cooking",,,0.804790501255967,"German",,"Stuttgart","Germany","Archive.org",
117,"allgemeinesdeut00schegoog.pdf","pdf","words",1866,,"Sophie Wilhelmine Scheibler","fraktur","Allgemeines Deutsches Kochbuch für alle Stände","Bourgeois cooking","Allgemeines Deutsches Kochbuch für alle Stände",17,0.812123538184566,"German",,"Leipzig, Berlin","Germany","Archive.org",
118,"Allgemeines deutsches Kochbuch für alle Stände.pdf","pdf","words",1877,,"Sophie Wilhelmine Scheibler","fraktur","Allgemeines Deutsches Kochbuch für alle Stände","Bourgeois cooking","Allgemeines Deutsches Kochbuch für alle Stände",23,0.797966826469657,"German",,"Leipzig","Germany","Wienbibliothek",
119,"b28109727.pdf","pdf","words",1887,,"Sophie Wilhelmine Scheibler","fraktur","Allgemeines Deutsches Kochbuch für alle Stände","Bourgeois cooking","Allgemeines Deutsches Kochbuch für alle Stände",31,0.844069392307357,"German",,"Leipzig","Germany","Archive.org",
120,"bub_gb_2tUpAAAAYAAJ.pdf","pdf","words",1899,,"Charlotte Hommer","fraktur","Großes Hamburger Kochbuch für alle Stände","Bourgeois cooking",,14,0.924467420691902,"German",,"Hamburg","Germany","Archive.org",
121,"bub_gb_c55UAAAAcAAJ.pdf","pdf","words",1851,,"Maria Katharina Daisenberger","fraktur","Vollständiges Bayrisches Kochbuch für alle Stände","Bourgeois cooking",,17,0.863887303616807,"German",,"Nürnberg","Germany","Archive.org",
122,"bub_gb_UzcSAAAAYAAJ.pdf","pdf","words",1905,,"Otto Dornblüth","fraktur","Diätetisches Kochbuch","Rational and medical",,2,0.859930491390766,"German",,"Würzburg","Germany","Archive.org",
123,"Grabnerhof-Kochbuch.pdf","pdf","words",1915,,"Ida Schuppli und Betty Hinterer","fraktur","Grabnerhof Kochbuch","Bourgeois cooking",,2,0.840657399744743,"German",,"Wien, Leipzig","Germany","Wienbibliothek",
124,"Le_livre_de_cuisine_ _[...]Gouffé_Jules_bpt6k3411211m.pdf","pdf","words",1870,,"Jules Gouffé","latin","Le livre de cuisine","Fine cooking","Le livre de cuisine",2,0.773433306291766,"French",,"Paris","France","Gallica",
125,"Le_livre_de_cuisine_ _[...]Gouffé_Jules_bpt6k3412589x.pdf","pdf","words",1902,,"Jules Gouffé","latin","Le livre de cuisine","Fine cooking","Le livre de cuisine",,0.76778556452822,"French",,"Paris","France","Gallica",
126,"PPN1032718498.pdf","pdf","words",1873,,"Eduard Baltzer","fraktur","Vegetarianisches Kochbuch","Vegetarian",,4,0.701426721996263,"German",,"Nordhausen","Germany","Universität Hamburg","https://digitalisate.sub.uni-hamburg.de/de/nc/detail.html?tx_dlf%5Bid%5D=33368&tx_dlf%5Bpage%5D=1&tx_dlf%5Bpointer%5D=0"
127,"Vollständiges israelitisches Kochbuch.pdf","pdf","words",1903,,"Witwe Marie Kauders","fraktur","Vollständiges Israelitisches Kochbuch","Jewish, Bourgeois cooking",,4,0.850072703136439,"German",,"Prag, Breslau","Austria, Germany","Wienbibliothek","https://www.digital.wienbibliothek.at/id/2743618"
128,"bub_gb_PmU7AAAAcAAJ.pdf","pdf","words",1852,,"Christine Charlotte Riedl","fraktur","Lindauer Kochbuch","Bourgeois cooking","Lindauer Kochbuch",,0.926192222107917,"German",,"Lindau","Germany","Archive.org","https://archive.org/details/bub_gb_PmU7AAAAcAAJ"
129,"homopathischesk00gbgoog.pdf","pdf","words",1854,,"W. Göbel","fraktur","Homöopathisches Kochbuch","Rational and medical",,2,0.792169003737445,"German",,"Sondershausen","Germany","Archive.org","https://archive.org/details/homopathischesk00gbgoog/"
130,"vollstandigesund00klie.pdf","pdf","words",1805,,,"fraktur","Vollständiges und allgemeinnützliches Bamberger Kochbuch","Bourgeois cooking",,,0.914824411815376,"German",,"Bamberg","Germany","Archive.org","https://archive.org/details/vollstandigesund00klie"
131,"bub_gb_MI47AAAAcAAJ.pdf","pdf","words",1807,,"Sophie Juliane Weiler","fraktur","Augsburgisches Kochbuch","Bourgeois cooking","Augsburgisches Kochbuch",10,0.897769614232766,"German",,"Augsburg","Germany","Archive.org","https://archive.org/details/bub_gb_MI47AAAAcAAJ"
132,"vollstndigeshan00unkngoog.pdf","pdf","words",1808,,,"fraktur","Vollständiges hannöverisches Kochbuch","Bourgeois cooking",,,0.789484963418013,"German",,"Hannover","Germany","Archive.org","https://archive.org/details/vollstndigeshan00unkngoog"
133,"bub_gb_eNoqAAAAYAAJ.pdf","pdf","words",1813,,,"fraktur","Neues Fränkisches Kochbuch","Bourgeois cooking",,,0.914658546861502,"German",,"Ansbach","Germany","Archive.org","https://archive.org/details/bub_gb_eNoqAAAAYAAJ"
134,"bub_gb_73w7AAAAcAAJ.pdf","pdf","words",1819,,"Sophie Juliane Weiler","fraktur","Augsburgisches Kochbuch","Bourgeois cooking","Augsburgisches Kochbuch",14,0.914943513752591,"German",,"Augsburg","Germany","Archive.org","https://archive.org/details/bub_gb_73w7AAAAcAAJ"
135,"bub_gb_r287AAAAcAAJ.pdf","pdf","words",1823,,"Franz Anton Weilhuber","fraktur","Teutsches Universal-Kochbuch (zweyter Theil)","Bourgeois cooking",,,0.919328975270162,"German",,"Pappenheim","Germany","Archive.org","https://archive.org/details/bub_gb_r287AAAAcAAJ"
136,"bub_gb_tQIqAAAAYAAJ.pdf","pdf","words",1825,,"Friedr. Luise Löffler","fraktur","Neues Kochbuch (Anhang)","Bourgeois cooking","Friedr. Luise Löffler",4,0.926975630487088,"German",,"Stuttgart","Germany","Archive.org","https://archive.org/details/bub_gb_tQIqAAAAYAAJ_2"
137,"b21533854.pdf","pdf","words",1827,,"Marie Rosnack","fraktur","Neues Stettiner Kochbuch","Bourgeois cooking",,,0.914782777979918,"German",,"Stettin","Germany","Archive.org","https://archive.org/details/b21533854"
138,"b22023653.pdf","pdf","words",1828,,"Sophie Armster","fraktur","Kochbuch für alle Stände","Bourgeois cooking",,,0.912815255179344,"German",,"Hannover, Stade","Germany","Archive.org","https://archive.org/details/b22023653"
139,"bub_gb_NIU7AAAAcAAJ.pdf","pdf","words",1831,,"Bartels","fraktur","Die allezeit fertige Hamburger Köchin","Bourgeois cooking",,,0.892012127432448,"German",,"Hamburg","Germany","Archive.org","https://archive.org/details/bub_gb_NIU7AAAAcAAJ"
140,"bub_gb_6f8pAAAAYAAJ.pdf","pdf","words",1833,,"Friedr. Luise Löffler","fraktur","Neues Kochbuch (erster Theil)","Bourgeois cooking","Friedr. Luise Löffler",8,0.894490324957027,"German",,"Stuttgart","Germany","Archive.org","https://archive.org/details/bub_gb_6f8pAAAAYAAJ"
141,"bub_gb_sV42AQAAMAAJ.pdf","pdf","words",1847,,"Betty Gleim","fraktur","Betty Gleim's Bremisches Kochbuch","Bourgeois cooking",,8,0.918284310943688,"German",,"Bremen","Germany","Archive.org","https://archive.org/details/bub_gb_sV42AQAAMAAJ"
142,"bub_gb_W187AAAAcAAJ.pdf","pdf","words",1848,,"J. G. Sartory","fraktur","Die schwäbisch-bayerische Küche oder Neuestes Augsburger Kochbuch","Bourgeois cooking",,,0.938686465070322,"German",,"Augsburg","Germany","Archive.org","https://archive.org/details/bub_gb_W187AAAAcAAJ"
143,"bub_gb__Ps8AAAAYAAJ.pdf","pdf","words",1845,,"Helene Rundell","fraktur","Neuestes auf Erfahrung gegründetes Kochbuch","Bourgeois cooking",,"62 (frei bearbeitet nach)",0.930787006385594,"German",,"Ulm","Germany","Archive.org","https://archive.org/details/bub_gb__Ps8AAAAYAAJ"
144,"bub_gb_O7AzTOZl4acC.pdf","pdf","words",1840,,"J. Stolz","fraktur","Vollständiges rheinisches Kochbuch","Bourgeois cooking",,2,0.962424921216514,"German",,"Karlsruhe","Germany","Archive.org","https://archive.org/details/bub_gb_O7AzTOZl4acC"
145,"bub_gb_yt86AAAAcAAJ.pdf","pdf","words",1839,,"M.D. Funck","fraktur","Neues Fränkisches Kochbuch","Bourgeois cooking",,3,0.933826906555251,"German",,"Erlangen","Germany","Archive.org","https://archive.org/details/bub_gb_yt86AAAAcAAJ"
146,"bub_gb_sdcpAAAAYAAJ.pdf","pdf","words",1838,,"Luise Schaefer","fraktur","Neues schwäbisches Kochbuch","Bourgeois cooking",,2,0.926038664979152,"German",,"Stuttgart","Germany","Archive.org","https://archive.org/details/bub_gb_sdcpAAAAYAAJ"
147,"bub_gb_vPg6AAAAcAAJ.pdf","pdf","words",1835,,"Margaretha Elisabetha Klotschin","fraktur","Praktisches Kochbuch für Hausmütter und Köchinnen","Bourgeois cooking",,4,0.909067898705559,"German",,"Nürnberg","Germany","Archive.org","https://archive.org/details/bub_gb_vPg6AAAAcAAJ"
148,"bub_gb_Wn47AAAAcAAJ.pdf","pdf","words",1835,,"Sophie Juliane Weiler","fraktur","Augsburgisches Kochbuch (zweiter theil)","Bourgeois cooking","Augsburgisches Kochbuch",2,0.951970913977293,"German",,"Regensburg, Landshut","Germany","Archive.org","https://archive.org/details/bub_gb_Wn47AAAAcAAJ"
149,"homopathischesk00hehngoog.pdf","pdf","words",1834,,"Friederike Hehn","fraktur","Homöopathisches Kochbuch","Rational and medical",,,0.881849015903448,"German",,"Berlin","Germany","Archive.org","https://archive.org/details/homopathischesk00hehngoog"
150,"bub_gb_YWU7AAAAcAAJ.pdf","pdf","words",1855,,"Christine Charlotte Riedl","fraktur","Lindauer Kochbuch","Bourgeois cooking","Lindauer Kochbuch",2,0.941485061529417,"German",,"Lindau","Germany","Archive.org","https://archive.org/details/bub_gb_YWU7AAAAcAAJ"
151,"b28130042.pdf","pdf","words",1858,,"Johann Rottenhöfer","fraktur","Neue vollständige theoretisch-praktische Anweisung in der feinern Kochkunst","Fine cooking",,,0.882799294176721,"German",,"München","Germany","Archive.org","https://archive.org/details/b28130042"
152,"b28139926.pdf","pdf","words",1858,,"L. Kurth","fraktur","Illustrirtes Kochbuch","Fine cooking",,2,0.869530902111626,"German",,"Berlin","Germany","Archive.org","https://archive.org/details/b28139926"
153,"bub_gb__jVdAAAAcAAJ.pdf","pdf","words",1858,,"Henriette Davidis","fraktur","Praktisches Kochbuch","Bourgeois cooking","Davidis",7,0.954518782251129,"German",,"Bielefeld","Germany","Archive.org","https://archive.org/details/bub_gb__jVdAAAAcAAJ"
154,"bub_gb_UMU6AAAAcAAJ.pdf","pdf","words",1858,,"Anna Bergner","fraktur","Pfälzer Kochbuch","Bourgeois cooking",,,0.761423870455871,"German",,"Mannheim","Germany","Archive.org","https://archive.org/details/bub_gb_UMU6AAAAcAAJ"
155,"b28100529.pdf","pdf","words",1861,,"L. Kurth","fraktur","Illustrirtes Kochbuch","Fine cooking",,4,0.847417573945873,"German",,"Berlin","Germany","Archive.org","https://archive.org/details/b28100529"
156,"bub_gb__mU7AAAAcAAJ.pdf","pdf","words",1865,,"Christine Charlotte Riedl","fraktur","Lindauer Kochbuch","Bourgeois cooking","Lindauer Kochbuch",4,0.926798797981158,"German",,"Lindau","Germany","Archive.org","https://archive.org/details/bub_gb__mU7AAAAcAAJ"
157,"neuespraktisches00karl.pdf","pdf","words",1866,,,"fraktur","Neues praktisches badisches Kochbuch","Bourgeois cooking",,9,0.909941901177298,"German",,"Karlsruhe","Germany","Archive.org","https://archive.org/details/neuespraktisches00karl"
158,"bub_gb_RVY7AAAAcAAJ.pdf","pdf","words",1867,,"Marie Schandri","fraktur","Regensburger Kochbuch","Bourgeois cooking","Regensburger Kochbuch",,0.904486893146839,"German",,"Regensburg","Germany","Archive.org","https://archive.org/details/bub_gb_RVY7AAAAcAAJ"
159,"bub_gb_aVY7AAAAcAAJ.pdf","pdf","words",1868,,"Marie Schandri","fraktur","Regensburger Kochbuch","Bourgeois cooking","Regensburger Kochbuch",2,0.91013805373175,"German",,"Regensburg","Germany","Archive.org","https://archive.org/details/bub_gb_aVY7AAAAcAAJ_3"
160,"bub_gb_3vMpAAAAYAAJ.pdf","pdf","words",1870,,"Anna Bergner","fraktur","Anna Bergner's Kochbuch","Bourgeois cooking",,,0.927873458770699,"German",,"Mannheim","Germany","Archive.org","https://archive.org/details/bub_gb_3vMpAAAAYAAJ"
161,"bub_gb__WFTAAAAcAAJ.pdf","pdf","words",1871,,"Christine Charlotte Riedl","fraktur","Lindauer Kochbuch","Bourgeois cooking","Lindauer Kochbuch",6,0.947044899442976,"German",,"Lindau","Germany","Archive.org","https://archive.org/details/bub_gb__WFTAAAAcAAJ"
162,"bub_gb_S2JTAAAAcAAJ.pdf","pdf","words",1871,,"Marie Schandri","fraktur","Regensburger Kochbuch","Bourgeois cooking","Regensburger Kochbuch",4,0.887283879165706,"German",,"Regensburg","Germany","Archive.org","https://archive.org/details/bub_gb_S2JTAAAAcAAJ"
163,"bub_gb_nL1RAAAAcAAJ.pdf","pdf","words",1871,,"W. Schünemann","fraktur","Neuestes Frankfurter Kochbuch","Bourgeois cooking",,8,0.886178608188813,"German",,"Frankfurt am Main","Germany","Archive.org","https://archive.org/details/bub_gb_nL1RAAAAcAAJ"
164,"bub_gb_pT5aAAAAcAAJ.pdf","pdf","words",1873,,"Therese Brunn","fraktur","Würzburger Kochbuch","Bourgeois cooking",,3,0.910769602810271,"German",,"Würzburg","Germany","Archive.org","https://archive.org/details/bub_gb_pT5aAAAAcAAJ"
165,"bub_gb_iz9aAAAAcAAJ.pdf","pdf","words",1873,,"J. G. Sartory","fraktur","Neuestes Augsburger Kochbuch","Bourgeois cooking",,4,0.961307314066268,"German",,"Augsburg","Germany","Archive.org","https://archive.org/details/bub_gb_iz9aAAAAcAAJ"
166,"b21533866.pdf","pdf","words",1874,,"Henriette Lagler","fraktur","Kochbuch für die böhmische und deutsche Küche","Bourgeois cooking",,2,0.913856700059832,"German",,"Halle","Germany","Archive.org","https://archive.org/details/b21533866"
167,"bub_gb_dWcOAAAAYAAJ.pdf","pdf","words",1878,,,"fraktur","Neues praktisches Badisches Kochbuch","Bourgeois cooking",,11,0.896775358419709,"German",,"Karlsruhe","Germany","Archive.org","https://archive.org/details/bub_gb_dWcOAAAAYAAJ"
168,"b28131290.pdf","pdf","words",1878,,"Henriette Löffler","fraktur","Henriette Löffler's Grosses illustrirtes Kochbuch","Bourgeois cooking",,,0.883174343045528,"German",,"Ulm","Germany","Archive.org","https://archive.org/details/b28131290"
169,"bub_gb_WBg9AAAAYAAJ.pdf","pdf","words",1879,,"Anna Oppre","fraktur","Das neue Kochbuch für das deutsche Haus","Bourgeois cooking",,,0.831149728171378,"German",,"Augsburg","Germany","Archive.org","https://archive.org/details/bub_gb_WBg9AAAAYAAJ"
170,"bub_gb_vv8pAAAAYAAJ.pdf","pdf","words",1881,,"Henriette Davidis","fraktur","Praktisches Kochbuch","Bourgeois cooking","Davidis",24,0.919864735009692,"German",,"Bielefeld, Leipzig","Germany","Archive.org","https://archive.org/details/bub_gb_vv8pAAAAYAAJ"
171,"b28108309.pdf","pdf","words",1882,,"Henriette Davidis","fraktur","Praktisches Kochbuch","Bourgeois cooking","Davidis",25,0.960138482583612,"German",,"Bielefeld, Leipzig","Germany","Archive.org","https://archive.org/details/b28108309"
172,"praktischeskoch00davigoog.pdf","pdf","words",1885,,"Henriette Davidis","fraktur","Praktisches Kochbuch","Bourgeois cooking","Davidis",27,0.905844240867437,"German",,"Bielefeld, Leipzig","Germany","Archive.org","https://archive.org/details/praktischeskoch00davigoog"
173,"b21538360.pdf","pdf","words",1886,,"Christine Charlotte Riedl","fraktur","Lindauer Kochbuch","Bourgeois cooking","Lindauer Kochbuch",10,0.927747148124114,"German",,"Lindau","Germany","Archive.org","https://archive.org/details/b21538360"
174,"bub_gb_4SFEAAAAYAAJ.pdf","pdf","words",1886,,"Marie Ernst","fraktur","Das Buch der richtigen Ernährung Gesunder und Kranker (erster Band)","Bourgeois cooking",,,0.932699329007345,"German",,"Leipzig","Germany","Archive.org","https://archive.org/details/bub_gb_4SFEAAAAYAAJ"
175,"b28131010.pdf","pdf","words",1886,,"Carl Beck","latin","Taschenbuch der Kochkunst","Fine cooking",,,0.692133756393333,"German",,"Berlin","Germany","Archive.org","https://archive.org/details/b28131010"
176,"b21538347.pdf","pdf","words",1893,,"Marie Schandri","fraktur","Regensburger Kochbuch","Bourgeois cooking","Regensburger Kochbuch",30,0.922008704850943,"German",,"Regensburg","Germany","Archive.org","https://archive.org/details/b21538347"
177,"bub_gb_htcqAAAAYAAJ.pdf","pdf","words",1894,,"Henriette Davidis, Luise Holle","fraktur","Praktisches Kochbuch","Bourgeois cooking","Davidis",34,0.915897768313199,"German",,"Bielefeld, Leipzig","Germany","Archive.org","https://archive.org/details/bub_gb_htcqAAAAYAAJ"
178,"ditetikundkochb00langgoog.pdf","pdf","words",1895,,"Langermann, Biedert","fraktur","Diätetik und Kochbuch für Magen- und darmkranke","Rational and medical",,,0.640724848823,"German",,"Stuttgart","Germany","Archive.org","https://archive.org/details/ditetikundkochb00langgoog"
179,"bub_gb_hGkXAAAAYAAJ.pdf","pdf","words",1896,,"Th. Haslinger","fraktur","Junggesellen- und Touristen-kochbuch","Bourgeois cooking",,,0.817559337963913,"German",,"München","Germany","Archive.org","https://archive.org/details/bub_gb_hGkXAAAAYAAJ"
180,"bub_gb_1fspAAAAYAAJ.pdf","pdf","words",1897,,"Henriette Davidis, Luise Holle","fraktur","Praktisches Kochbuch","Bourgeois cooking","Davidis",36,0.898146534232714,"German",,"Bielefeld, Leipzig","Germany","Archive.org","https://archive.org/details/bub_gb_1fspAAAAYAAJ/"
181,"bub_gb_PAAqAAAAYAAJ.pdf","pdf","words",1897,,"Friedr. Luise Löffler","fraktur","Neues Stuttgarter Kochbuch","Bourgeois cooking","Friedr. Luise Löffler",21,0.875156656743163,"German",,"Stuttgart","Germany","Archive.org","https://archive.org/details/bub_gb_PAAqAAAAYAAJ"
182,"bub_gb_D_kpAAAAYAAJ.pdf","pdf","words",1897,,"H. L.","fraktur","Kochbuch für drei und mehr Personen","Bourgeois cooking",,,0.909521124205628,"German",,"München","Germany","Archive.org","https://archive.org/details/bub_gb_D_kpAAAAYAAJ"
183,"bub_gb_B9oqAAAAYAAJ.pdf","pdf","words",1898,,"Traugott Hammerl","fraktur","Norddeutsches Kochbuch","Bourgeois cooking",,,0.882415084945406,"German",,"Wismar","Germany","Archive.org","https://archive.org/details/bub_gb_B9oqAAAAYAAJ"
184,"b21525961.pdf","pdf","words",1898,,"Henriette Davidis, Luise Holle","fraktur","Praktisches Kochbuch","Bourgeois cooking","Davidis",37,0.907940291985541,"German",,"Bielefeld, Leipzig","Germany","Archive.org","https://archive.org/details/b21525961"
185,"bub_gb_L9gqAAAAYAAJ.pdf","pdf","words",1898,,"Emma Allestein","fraktur","Kleines kochbuch für angehende Köchinnen","Bourgeois cooking",,3,0.91484758890057,"German",,"Gera","Germany","Archive.org","https://archive.org/details/bub_gb_L9gqAAAAYAAJ"
186,"bub_gb_SeYqAAAAYAAJ.pdf","pdf","words",1898,,"Anna Siegrfried","fraktur","Einfaches Kochbuch für Schule und Haus",,,,0.810749780699883,"German",,"Königsberg","Germany","Archive.org","https://archive.org/details/bub_gb_SeYqAAAAYAAJ"
187,"bub_gb_JKIVAAAAYAAJ.pdf","pdf","words",1899,,"Friedericke Winckler","fraktur","Kochbuch für Zuckerkranke und Fettleibige","Rational and medical",,3,0.812549547000077,"German",,"Wiesbaden","Germany","Archive.org","https://archive.org/details/bub_gb_JKIVAAAAYAAJ"
188,"b21536004.pdf","pdf","words",1901,,"Henriette Davidis, Luise Holle","fraktur","Praktisches Kochbuch","Bourgeois cooking","Davidis",39,0.869765575867897,"German",,"Bielefeld, Leipzig","Germany","Archive.org","https://archive.org/details/b21536004"
189,"bub_gb_RNkqAAAAYAAJ.pdf","pdf","words",1902,,"Anna Barnekow","fraktur","Norddeutsches Kochbuch","Bourgeois cooking",,,0.937964811749267,"German",,"Lübeck","Germany","Archive.org","https://archive.org/details/bub_gb_RNkqAAAAYAAJ"
190,"bub_gb_Ib8NAAAAYAAJ.pdf","pdf","words",1904,,"F. von Winckler","fraktur","Kochbuch für Zuckerkranke und Fettleibige","Rational and medical",,5,0.841177155109812,"German",,"Wiesbaden","Germany","Archive.org","https://archive.org/details/bub_gb_Ib8NAAAAYAAJ"
191,"b21506188.pdf","pdf","words",1905,,"H. Hohtmann","fraktur","Kochbuch für den Gasherd","Bourgeois cooking",,8,0.818328452086766,"German",,"Wiesbaden","Germany","Archive.org","https://archive.org/details/b21506188"
192,"bub_gb_nNcqAAAAYAAJ.pdf","pdf","words",1906,,"Anna Barnbeck","fraktur","Kochbuch für vegetarische Küche","Vegetarian",,,0.818205626599651,"German",,"Cassel","Germany","Archive.org","https://archive.org/details/bub_gb_nNcqAAAAYAAJ/"
193,"b28054866.pdf","pdf","words",1906,,"Henriette Davidis-Holle, Luise Holle","fraktur","Praktisches Kochbuch","Bourgeois cooking","Davidis",42,0.898882425805443,"German",,"Bielefeld, Leipzig","Germany","Archive.org","https://archive.org/details/b28054866"
194,"bub_gb_BeEqAAAAYAAJ.pdf","pdf","words",1906,,"Louise Ravit","fraktur","Kochbuch für Haushaltungschulen","Bourgeois cooking",,3,0.716616672189977,"German",,"Kiel, Leipzig","Germany","Archive.org","https://archive.org/details/bub_gb_BeEqAAAAYAAJ"
195,"bub_gb_lXPEGoNzl1MC.pdf","pdf","words",1907,,"Antonie Brandeis","latin","Kochbuch für die Tropen",,,,0.868446226975533,"German",,"Berlin","Germany","Archive.org","https://archive.org/details/bub_gb_lXPEGoNzl1MC"
196,"b21537070.pdf","pdf","words",1907,,"Friedr. Luise Löffler","fraktur","Neues Stuttgarter Kochbuch","Bourgeois cooking","Friedr. Luise Löffler",25,0.923457979146616,"German",,"Stuttgart","Germany","Archive.org","https://archive.org/details/b21537070"
197,"b28052791.pdf","pdf","words",1910,,"Pr. Dr. Christian Jürgensen","latin","Kochlehrbuch und praktisches Kochbuch für Ärzte, Hygieniker, Hausfrauen, Kochschulen","Rational and medical",,,0.757465698551469,"German","dk","Berlin","Germany","Archive.org","https://archive.org/details/b28052791"
198,"b28079929.pdf","pdf","words",1911,,"M. Ehrhardt, A. Mathis","fraktur","Grosses illustriertes Kochbuch","Bourgeois cooking, Fine cooking",,,0.856589263587019,"German",,"Berlin","Germany","Archive.org","https://archive.org/details/b28079929/"
199,"b28063193.pdf","pdf","words",1913,,"Dr. Med. Hermann Schall","fraktur","Berechnete ärztliche Kostverordnungen","Rational and medical",,,0.502524966083669,"German",,"Würzburg","Germany","Archive.org","https://archive.org/details/b28063193"
200,"b28086375.pdf","pdf","words",1913,,"Antonie Brandeis","latin","Kochbuch für die Tropen",,,2,0.876469219164111,"German",,"Berlin","Germany","Archive.org","https://archive.org/details/b28086375"
201,"Regensburger-Kochbuch-1919_150dpi.pdf","pdf","words",1919,,"Marie Schandri","fraktur","Regensburger Kochbuch","Bourgeois cooking","Regensburger Kochbuch",63,0.90342868846964,"German",,"Regensburg","Germany","Archive.org","https://archive.org/details/RegensburgerKochbuch1919/"
202,"stolz1815.pdf","pdf","words",1815,,"Josef Stolz","fraktur","Kochbuch für Israeliten","Jewish, Fine cooking",,,0.731785890018808,"German",,"Karlsruhe","Germany","Uni Freiburg","http://dl.ub.uni-freiburg.de/diglit/stolz1815"
203,"Diätlehre und Kochbuch.pdf","pdf","words",1934,,"Margarethe Oberdörffer","fraktur","Diätlehre und Kochbuch","Rational and medical",,,0.854639141972521,"German",,"Gailingen","Germany","Badische Landesbibliothek","https://digital.blb-karlsruhe.de/id/3372005"
204,"WeisKoch_494460059.pdf","pdf","words",1930,,"Theodor Weiss","latin","Kochbuch für Zuckerkranke","Rational and medical",,,0.556971894625204,"German",,"Dresden","Germany","SLUB Dresden","https://digital.slub-dresden.de/werkansicht/dlf/206528/1"
205,"Freiburger Geschenk-Kochbuch für junge Ehen.pdf","pdf","words",1930,1,"F.L. Fischer","fraktur","Freiburger Geschenk-Kochbuch für junge Ehen","Bourgeois cooking",,,0.6496863310933,"German",,"Stuttgart","Germany","Badische Landesbibliothek","https://digital.blb-karlsruhe.de/id/4954892"
206,"Praktisches Kochbuch für die einfacherere und feinere Küche.pdf","pdf","words",1924,,"Davidis-Schneider","fraktur","Praktisches Kochbuch für die einfacherere und feinere Küche","Bourgeois cooking","Davidis",,0.825598395480044,"German",,"Karlsruhe","Germany","Badische Landesbibliothek","https://digital.blb-karlsruhe.de/id/4975748"
207,"sbb-PPN726742449.ocr.txt","text","words",1918,,"Marianne Götze","fraktur","Die Kochkiste im Dienste der Kriegskost","War cookbook",,,0.893205932025498,"German",,"Leipzig","Germany","Staatsbibliothek zu Berlin","https://digital.staatsbibliothek-berlin.de/werkansicht?PPN=PPN726742449&view=picture-download&PHYSID=PHYS_0003&DMDID="
208,"Kochbüchlein für knappe Zeiten.pdf","pdf","words",1918,,"Ida Schuppli und Betty Hinterer","fraktur","Kochbüchlein für knappe Zeiten","War cookbook",,2,0.783448050684984,"German",,"Wien, Leipzig","Germany","Badische Landesbibliothek","https://digital.blb-karlsruhe.de/id/4279912"
209,"sbb-PPN725951052.ocr.txt","text","words",1917,,"Hanna Behnke","fraktur","Zeitgemäße Küche im dritten Kriegsjahr 1916/17","War cookbook",,2,0.915653151805594,"German",,"Hamburg","Germany","Staatsbibliothek zu Berlin","https://digital.staatsbibliothek-berlin.de/werkansicht/?PPN=PPN725951052"
210,"sbb-PPN716151448.ocr.txt","text","words",1917,,"Marie Priester","fraktur","Kriegsgerichte ohne Fett","War cookbook",,8,0.865630263265034,"German",,"Frankfurt am Main","Germany","Staatsbibliothek zu Berlin","https://digital.staatsbibliothek-berlin.de/werkansicht?PPN=PPN716151448&view=picture-download"
211,"sbb-PPN684753898.ocr.txt","text","words",1917,,"Ida Keller","fraktur","Neues Kohlrüben-Kriegskochbuch","War cookbook",,,0.332627609814989,"German",,"Chemnitz","Germany","Staatsbibliothek zu Berlin","https://digital.staatsbibliothek-berlin.de/werkansicht?PPN=PPN684753898&view=picture-download"
212,"Eg1596.pdf","pdf","words",1916,,"Viktoria Löbenberg","fraktur","Das deutsche Sparkochbuch für Kriegs- und Friedenszeit","War cookbook",,,0.81597615593279,"German",,"München","Germany","Universität Tübingen","http://idb.ub.uni-tuebingen.de/opendigi/Eg1596#p=1&tab=info"
213,"sbb-PPN726176915.ocr.txt","text","words",1916,,"Frau H. Kiel und Adam Stober","latin","Kriegs-Küche","War cookbook",,,0.89924432746814,"German",,"Nürnberg","Germany","Staatsbibliothek zu Berlin","https://digital.staatsbibliothek-berlin.de/werkansicht?PPN=PPN726176915&PHYSID=PHYS_0003&DMDID=&view=picture-download"
214,"sbb-PPN718154363.ocr.txt","text","words",1916,,"Martha Bielenstein","fraktur","Notstandskochbüchlein","War cookbook",,,0.942175543842623,"German",,"Memel","Germany","Staatsbibliothek zu Berlin","https://digital.staatsbibliothek-berlin.de/werkansicht?PPN=PPN718154363&PHYSID=PHYS_0003&DMDID=&view=picture-download"
215,"sbb-PPN727652788.ocr.txt","text","words",1916,,"Lisa Wenninger","fraktur","Kriegskochbuch","War cookbook",,,0.876199622301243,"German",,"Heilbronn","Germany","Staatsbibliothek zu Berlin","https://digital.staatsbibliothek-berlin.de/werkansicht?PPN=PPN727652788"
216,"sbb-PPN718080351.ocr.txt","text","words",1916,,,"fraktur","Rezepte der Kriegskochkurse","War cookbook",,,0.863951701377913,"German",,"Speyer","Germany","Staatsbibliothek zu Berlin","https://digital.staatsbibliothek-berlin.de/werkansicht?PPN=PPN718080351&view=picture-download"
217,"sbb-PPN72123335X.ocr.txt","text","words",1916,,,"fraktur","Die deutsche Konditorei im Zeichen des Krieges","War cookbook, Pastry",,,0.812508115068613,"German",,"Neustadt a. d. Haardt","Germany","Staatsbibliothek zu Berlin","https://digital.staatsbibliothek-berlin.de/werkansicht?PPN=PPN72123335X&view=overview-info&PHYSID=PHYS_0005&DMDID=DMDLOG_0001"
218,"sbb-PPN724008284.ocr.txt","text","words",1915,,"Luise Hainlen","fraktur","Schwäbisches Kriegskochbuch","War cookbook",,,0.835841712167344,"German",,"Geislingen an der Steige","Germany","Staatsbibliothek zu Berlin","https://digital.staatsbibliothek-berlin.de/werkansicht?PPN=PPN724008284&view=overview-info"
219,"sbb-PPN726014907.ocr.txt","text","words",1915,,"Emma Wiedermann","fraktur","Das Kriegskochbuch","War cookbook",,,0.311234193353934,"German",,"Berlin","Germany","Staatsbibliothek zu Berlin","https://digital.staatsbibliothek-berlin.de/werkansicht?PPN=PPN726014907&view=overview-info"
220,"sbb-PPN679604510.ocr.txt","text","words",1915,,"Mikkel Hindhede","fraktur","Praktisches Kochbuch zum System Dr. med. Hindhede","Rational and medical",,,0.687732517318177,"German","dk","Berlin, Leipzig, Wien, Zürich","Germany, Austria, Switzerland","Staatsbibliothek zu Berlin","https://digital.staatsbibliothek-berlin.de/werkansicht?PPN=PPN679604510&PHYSID=PHYS_0005&DMDID=DMDLOG_0001&view=picture-download"
221,"sbb-PPN715677578.ocr.txt","text","words",1915,,"Berta Dißmann","fraktur","Wer spart, hilft siegen!","War cookbook",,,0.757296583458974,"German",,"Dresden","Germany","Staatsbibliothek zu Berlin","https://digital.staatsbibliothek-berlin.de/werkansicht?PPN=PPN715677578&view=picture-download"
222,"sbb-PPN715295748.ocr.txt","text","words",1915,,"Dorothea Orf","fraktur","Der deutschen Hausfrauen Tischlein deck' dich!","War cookbook",,,0.926944359589116,"German",,"Eisenach","Germany","Staatsbibliothek zu Berlin","https://digital.staatsbibliothek-berlin.de/werkansicht?PPN=PPN715295748&view=picture-download"
223,"sbb-PPN715296493.ocr.txt","text","words",1915,,"Ida Boy-Ed","fraktur","Des Vaterlandes Kochtopf","War cookbook",,,0.902392874601197,"German",,"Berlin","Germany","Staatsbibliothek zu Berlin","https://digital.staatsbibliothek-berlin.de/werkansicht?PPN=PPN715296493&view=picture-download"
224,"sbb-PPN723734577.ocr.txt","text","words",1915,,"Gertrud Pick","fraktur","Volks-Kriegskochbuch","War cookbook",,,0.914945178225861,"German",,"Gotha","Germany","Staatsbibliothek zu Berlin","https://digital.staatsbibliothek-berlin.de/werkansicht?PPN=PPN723734577&view=picture-download"
225,"sbb-PPN722059264.ocr.txt","text","words",1915,,"Rosa Brenneke","fraktur","Die deutsche Hausfrau im Weltkrieg","War cookbook",,,0.919990311555292,"German",,"Leipzig","Germany","Staatsbibliothek zu Berlin","https://digital.staatsbibliothek-berlin.de/werkansicht?PPN=PPN722059264&view=overview-info"
226,"sbb-PPN722481330.ocr.txt","text","words",1915,,"Toni Schroeder","fraktur","Notstands-Küche","War cookbook",,,0.894839892597413,"German",,"Berlin","Germany","Staatsbibliothek zu Berlin","https://digital.staatsbibliothek-berlin.de/werkansicht?PPN=PPN722481330&view=picture-download"
227,"sbb-PPN728324679.ocr.txt","text","words",1915,,,"fraktur","Bayerisches Kriegskochbüchlein","War cookbook",,2,0.933423346444311,"German",,"München","Germany","Staatsbibliothek zu Berlin","https://digital.staatsbibliothek-berlin.de/werkansicht?PPN=PPN728324679&view=overview-info"
228,"sbb-PPN688721737.ocr.txt","text","words",1915,,,"fraktur","Kriegsküche","War cookbook",,,0.963915170745398,"German",,"Berlin","Germany","Staatsbibliothek zu Berlin","https://digital.staatsbibliothek-berlin.de/werkansicht?PPN=PPN688721737&view=overview-info"
229,"sbb-PPN688718442.ocr.txt","text","words",1915,,,"fraktur","Oberschwäbisches Kriegskochbuch","War cookbook",,,0.89625327215726,"German",,"Riedlingen","Germany","Staatsbibliothek zu Berlin","https://digital.staatsbibliothek-berlin.de/werkansicht?PPN=PPN688718442&view=overview-info"
230,"sbb-PPN672539578.ocr.txt","text","words",1915,,"Moritz Richter","fraktur","Kleines Kriegs-Kochbuch für die praktische Hausfrau","War cookbook",,,0.926298831876601,"German",,"Dresden","Germany","Staatsbibliothek zu Berlin","https://digital.staatsbibliothek-berlin.de/werkansicht?PPN=PPN672539578&view=overview-info"
231,"sbb-PPN718939611.ocr.txt","text","words",1915,,"Else Wagner","fraktur","Eßt Kriegskost","War cookbook",,,0.944921053045063,"German",,"Weimar","Germany","Staatsbibliothek zu Berlin","https://digital.staatsbibliothek-berlin.de/werkansicht?PPN=PPN718939611&view=overview-info"
232,"sbb-PPN721571751.ocr.txt","text","words",1915,,"Else Kesten-Conrad und Klara Briese","fraktur","Kriegskochbuch für die deutsche Hausfrau","War cookbook",,,0.873896716683331,"German",,"Jena","Germany","Staatsbibliothek zu Berlin","https://digital.staatsbibliothek-berlin.de/werkansicht?PPN=PPN721571751&view=overview-info"
233,"sbb-PPN71520629X.ocr.txt","text","words",1915,,,"fraktur","Deutsches Kriegskochbuch und Anleitung zum Gemüsebau","War cookbook",,,0.911645257730549,"German",,"Jena","Germany","Staatsbibliothek zu Berlin","https://digital.staatsbibliothek-berlin.de/werkansicht?PPN=PPN71520629X&view=overview-info"
234,"sbb-PPN715463667.ocr.txt","text","words",1915,,"Wilhelm Warschatka","fraktur","Gemüse-Kriegskochbuch","War cookbook",,,0.930412424919138,"German",,"Leipzig","Germany","Staatsbibliothek zu Berlin","https://digital.staatsbibliothek-berlin.de/werkansicht?PPN=PPN715463667&view=overview-info"
235,"sbb-PPN717439399.ocr.txt","text","words",1915,,"Mathilde Nouvel","fraktur","Sparsame Kriegskost","War cookbook",,,0.816349039430697,"German",,"Breslau","Germany","Staatsbibliothek zu Berlin","https://digital.staatsbibliothek-berlin.de/werkansicht?PPN=PPN717439399&view=picture-download"
236,"sbb-PPN688552099.ocr.txt","text","words",1915,,"Artur Brehmer","fraktur","FK: fleischlose, fettlose, fischlose Kriegs-Koch-Kunst","War cookbook",,,0.946550035623354,"German",,"Berlin, Leipzig, Wien","Germany, Austria","Staatsbibliothek zu Berlin","https://digital.staatsbibliothek-berlin.de/werkansicht?PPN=PPN688552099&view=picture-download&PHYSID=PHYS_0003&DMDID="
237,"sbb-PPN666404542.ocr.txt","text","words",1915,,,"fraktur","Kriegs-Kochbuch","War cookbook",,,0.765593561849491,"German",,"Berlin, Kattowitz, Breslau","Germany","Staatsbibliothek zu Berlin","https://digital.staatsbibliothek-berlin.de/werkansicht?PPN=PPN666404542&view=picture-download&PHYSID=PHYS_0001&DMDID=DMDLOG_0001"
238,"sbb-PPN669268798.ocr.txt","text","words",1915,,"E. Ingelfinger","fraktur","Kriegskochbuch","War cookbook",,,0.916582801652963,"German",,"Stuttgart","Germany","Staatsbibliothek zu Berlin","https://digital.staatsbibliothek-berlin.de/werkansicht?PPN=PPN669268798&view=overview-info"
239,"sbb-PPN66926931X.ocr.txt","text","words",1915,,,"fraktur","Kriegskochbuch der Frauenhülfe","War cookbook",,,0.821976434753461,"German",,"Potsdam","Germany","Staatsbibliothek zu Berlin","https://digital.staatsbibliothek-berlin.de/werkansicht?PPN=PPN66926931X&view=overview-info"
240,"sbb-PPN688722628.ocr.txt","text","words",1915,,,"fraktur","Kochbuch für den einfachen Haushalt","War cookbook",,4,0.935759861015287,"German",,"Breslau","Germany","Staatsbibliothek zu Berlin","https://digital.staatsbibliothek-berlin.de/werkansicht?PPN=PPN688722628&view=overview-info"
241,"DkXI3946_2.pdf","pdf","words",1915,,"Matilde Sonnemann-Henle","fraktur","Humoristisches Kriegskochbuch","War cookbook, Poetry",,,0.575386244842522,"German",,"Wiesbaden","Germany","Universität Tübingen","http://idb.ub.uni-tuebingen.de/opendigi/DkXI3946_2#p=2"
242,"urn nbn de bsz 24-digibib-bsz3826896744.pdf","pdf","words",1915,,"Hedwig Heyl","fraktur","Kriegskochbuch","War cookbook",,79,0.602967008321425,"German",,"Berlin","Germany","Wüttembergische Landesbibliothek","http://digital.wlb-stuttgart.de/sammlungen/sammlungsliste/werksansicht/?no_cache=1&tx_dlf%5Bid%5D=2351&tx_dlf%5Bpage%5D=1"
243,"urn nbn de bsz 24-digibib-bsz3826554943.pdf","pdf","words",1915,,,"fraktur","Kieler Kriegskochbuch","War cookbook",,2,0.744815165607719,"German",,"Kiel","Germany","Wüttembergische Landesbibliothek","http://digital.wlb-stuttgart.de/sammlungen/sammlungsliste/werksansicht/?no_cache=1&tx_dlf%5Bid%5D=538&tx_dlf%5Bpage%5D=1"
244,"Billige Küche in teurer Zeit.pdf","pdf","words",1914,1,"Henriette Zimmermann","fraktur","Billige Küche in teuerer Zeit","War cookbook",,,0.868425260017026,"German",,"Berlin, Leipzig, Wien, Zürich","Germany, Austria, Switzerland","Badische Landesbibliothek","https://digital.blb-karlsruhe.de/id/4279887"
245,"Die fleischlose Küche.pdf","pdf","words",1913,,"Maria Binswanger","latin","Die fleischlose Küche","Vegetarian, Rational and medical",,,0.745402093197388,"German",,"Baden-Baden","Germany","Badische Landesbibliothek","https://digital.blb-karlsruhe.de/id/3162178"
246,"Kochbüchlein für den praktischen Haushaltungsunterricht an Volks- und Fortbildun.pdf","pdf","words",1912,,"Mathilde Specht","fraktur","Kochbüchlein für den praktischen Haushaltungsunterricht","Bourgeois cooking",,10,0.73242157464881,"German",,"Leipzig","Germany","Badische Landesbibliothek","https://digital.blb-karlsruhe.de/id/3309702"
247,"AmmaMazd_1747162817_0001.pdf","pdf","words",1911,,"David Amman","latin","Mazdaznan (Teil 1)","Rational and medical, Vegetarian",,11,0.908005422336605,"German",,"Leipzig","Germany","Sachsen.digital","https://sachsen.digital/werkansicht/287275/5/0?tx_dlf%5Bpagegrid%5D=0&cHash=2cb6a300f9f2e9b092defc774009a45d#"
248,"Winke für gesunde Ernährung und Kochbuch besonders für Nudel- und Maccaronispeis.pdf","pdf","words",1911,,"Marie Silbermann","fraktur","Winke für gesunde Ernährung und Kochbuch","Bourgeois cooking",,,0.748132011390485,"German",,"Dresden","Germany","Badische Landesbibliothek","https://digital.blb-karlsruhe.de/id/3181784"
249,"AmmaMazd_1750201976.pdf","pdf","words",1911,,"David Amman","latin","Mazdaznan (Teil 2)","Rational and medical, Vegetarian",,11,0.841234198225162,"German",,"Leipzig","Germany","Sachsen.digital","https://sachsen.digital/werkansicht/287276/5/0?cHash=db2114875c2cadcab40973846507f27a#"
250,"Die praktische Reform-Küche.pdf","pdf","words",1910,,"Carl Mauterer","fraktur","Die praktische Reform-Küche","Rational and medical, Vegetarian",,,0.713844212078901,"German",,"Karlsruhe","Germany","Badische Landesbibliothek","https://digital.blb-karlsruhe.de/kochbuecher/content/titleinfo/3193357"
251,"Die Küche des Friedrich-Stifts.pdf","pdf","words",1910,,"Lina von Gruben und Luise Hartdegen","fraktur","Die Küche des Friedrich-Stifts","Bourgeois cooking",,6,0.86102667832579,"German",,"Karlsruhe","Germany","Badische Landesbibliothek","https://digital.blb-karlsruhe.de/kochbuecher/content/titleinfo/3162201"
252,"AmmaMazd_1747162019.pdf","pdf","words",1909,,"David Amman","latin","Mazdaznan","Rational and medical, Vegetarian",,4,0.81031756945912,"German",,"Leipzig","Germany","Sachsen.digital","https://sachsen.digital/werkansicht/287277/5/0?cHash=b9e1a13147d61e6b8bf6f036eb48888f"
253,"Die Kunst zu kochen.pdf","pdf","words",1907,,,"fraktur","Die Kunst zu kochen","Bourgeois cooking",,4,0.806348726302551,"German",,"Freiburg","Germany","Badische Landesbibliothek","https://digital.blb-karlsruhe.de/kochbuecher/content/titleinfo/3105686"
254,"Kochbüchlein für die Benützung der Kochkiste.pdf","pdf","words",1907,,,"fraktur","Kochbüchlein für die Benützung der Kochkiste","Bourgeois cooking",,,0.694134355801434,"German",,"Karlsruhe","Germany","Badische Landesbibliothek","https://digital.blb-karlsruhe.de/kochbuecher/content/titleinfo/3184622"
255,"Diätetisches Kochbuch.pdf","pdf","words",1907,,"Maria Binswanger","latin","Diätetisches Kochbuch","Rational and medical",,,0.794183931985053,"German",,"Baden-Baden","Germany","Badische Landesbibliothek","https://digital.blb-karlsruhe.de/id/3295603"
256,"Neues praktisches Koch-Buch für die badische Küche.pdf","pdf","words",1905,,"Emma Faißt","fraktur","Neues praktisches Koch-Buch für die badische Küche","Bourgeois cooking",,2,0.853414124338075,"German",,"Karlsruhe","Germany","Badische Landesbibliothek","https://digital.blb-karlsruhe.de/id/3106724"
257,"Hausfrauen-Kochbuch.pdf","pdf","words",1905,,"Frieda Thoma","fraktur","Hausfrauen-Kochbuch","Bourgeois cooking",,,0.783460238155187,"German",,"Lahr","Germany","Badische Landesbibliothek","https://digital.blb-karlsruhe.de/id/3236685"
258,"Kochbüchlein für die Benützung der Kochkiste2.pdf","pdf","words",1903,,,"fraktur","Kochbüchlein für die Benützung der Kochkiste","Bourgeois cooking",,,0.75802712859061,"German",,"Karlsruhe","Germany","Badische Landesbibliothek","https://digital.blb-karlsruhe.de/id/3106638"
259,"schlko_312407033.pdf","pdf","words",1900,,"Therese Adam","fraktur","Schlesisches Kochbuch","Bourgeois cooking",,,0.850808416149429,"German",,"Troppau","Germany","SLUB Dresden","https://digital.slub-dresden.de/werkansicht/dlf/14474/7#"
260,"Kochbuch für den praktischen Haushaltungsunterricht an höheren Mädchenschulen.pdf","pdf","words",1900,,"Mathilde Specht","fraktur","Kochbuch für den praktischen Haushaltungsunterricht","Bourgeois cooking",,,0.630462856014623,"German",,"Wiesbaden","Germany","Badische Landesbibliothek","https://digital.blb-karlsruhe.de/id/3183550"
261,"neuepfkof_31266723X.pdf","pdf","words",1897,1,"Emmy Braun","fraktur","Neues Pfälzisches Kochbuch für bürgerliche und feine Küche","Bourgeois cooking, Fine cooking",,5,0.866702524413435,"German",,"Grünstadt","Germany","SLUB Dresden","https://digital.slub-dresden.de/werkansicht/dlf/351789/5#"
262,"grossilko_312335202.pdf","pdf","words",1897,,"Henriette Löffler","fraktur","Großes Illustriertes Kochbuch","Bourgeois cooking",,,0.932147384572137,"German",,"Ulm","Germany","SLUB Dresden","https://digital.slub-dresden.de/werkansicht/dlf/351828/12"
263,"Kochbuch für die badische und elsässische gewöhnliche und feinere Küche nach eig.pdf","pdf","words",1897,,"Viktoria Zähringer","fraktur","Kochbuch für die badische und elsässische gewöhnliche und feinere Küche","Bourgeois cooking, Fine cooking",,2,0.850090288620925,"German",,"Freiburg","Germany","Badische Landesbibliothek","https://digital.blb-karlsruhe.de/id/3105691"
264,"e.weilv_312544235.pdf","pdf","words",1896,,"Emil Weilshäuser","fraktur","E. Weilshäuser's illustriertes vegetarisches Kochbuch","Vegetarian",,4,0.937327713604454,"German",,"Leipzig","Germany","SLUB Dresden","https://digital.slub-dresden.de/werkansicht/dlf/6544/1#"
265,"schlkofub_31239277X.pdf","pdf","words",1894,,"Henriette Pelz","fraktur","Schlesisches Kochbuch für bürgerliche Haushaltungen","Bourgeois cooking",,7,0.926719297503165,"German",,"Breslau","Germany","SLUB Dresden","https://digital.slub-dresden.de/werkansicht/dlf/14475/1#"
266,"A Straßer's deutsches Preis-Kochbuch.pdf","pdf","words",1894,,"A. Straßer","fraktur","A. Straßer's deutsches Preis-Kochbuch","Bourgeois cooking, Fine cooking",,30,0.746455570836118,"German",,"Freiburg, Leipzig","Germany","Badische Landesbibliothek","https://digital.blb-karlsruhe.de/kochbuecher/content/pageview/3239827"
267,"neuedeko_312368720.pdf","pdf","words",1892,,"M.S. Kübler","fraktur","Neues deutsches Kochbuch","Bourgeois cooking",,3,0.871424995067854,"German",,"Stuttgart","Germany","SLUB Dresden","https://digital.slub-dresden.de/werkansicht/dlf/11972/1#"
268,"volk_312720238_0002.pdf","pdf","words",1891,,"Hedwig Heyl","fraktur","Volks-Kochbuch für die Hand der Lehrerin  (2. Teil)","Bourgeois cooking",,,0.794277775670837,"German",,"Berlin","Germany","SLUB Dresden","https://digital.slub-dresden.de/werkansicht/dlf/17155/1#"
269,"kleiko_312737270.pdf","pdf","words",1890,,"Auguste Kux","fraktur","Kleines Kochbuch","Bourgeois cooking",,,0.938488631385082,"German",,"Mülheim an der Ruhr","Germany","SLUB Dresden","https://digital.slub-dresden.de/werkansicht/dlf/10055/5"
270,"hygiko_312382219.pdf","pdf","words",1890,,"Fanny Beck","fraktur","Hygienisches Kochbuch","Rational and medical",,,0.821190811860427,"German",,"Berlin","Germany","SLUB Dresden","https://digital.slub-dresden.de/werkansicht/dlf/9236/8"
271,"vegeko_312773811.pdf","pdf","words",1890,,"Carlotto Schulz und Dr. Med. Liepelt","fraktur","Vegetarisches Kochbuch","Vegetarian",,3,0.862035406111685,"German",,"Berlin","Germany","SLUB Dresden","https://digital.slub-dresden.de/werkansicht/dlf/16741/1#"
272,"Süddeutsches Kochbuch.pdf","pdf","words",1888,1,"Emma Rohr","fraktur","Süddeutsches Kochbuch","Bourgeois cooking",,3,0.551734254468192,"German",,"Mannheim","Germany","Badische Landesbibliothek","https://digital.blb-karlsruhe.de/id/3106710"
273,"diatkofug_312388152.pdf","pdf","words",1886,,"Josef Wiel","latin","Diätetisches Koch-Buch für Gesunde und Kranke","Rational and medical",,6,0.916685204814352,"German",,"Freiburg","Germany","SLUB Dresden","https://digital.slub-dresden.de/werkansicht/dlf/4817/5#"
274,"kleidekod_312384785.pdf","pdf","words",1880,,"Emma Petzold","fraktur","Die kleine deutsche Köchin","Bourgeois cooking",,,0.899734342848516,"German",,"Dresden","Germany","SLUB Dresden","https://digital.slub-dresden.de/werkansicht/dlf/10045/5#"
275,"1.pdf","pdf","words",1880,,"Margaretha Spörling","fraktur","Oberrheinisches Kochbuch (1. Theil)","Bourgeois cooking",,12,0.82096010769892,"German",,"Basel, Mülhausen","Germany, Switzerland","Badische Landesbibliothek","https://digital.blb-karlsruhe.de/id/3176314"
276,"2.pdf","pdf","words",1880,,"Margaretha Spörling","fraktur","Oberrheinisches Kochbuch (2. Theil)","Bourgeois cooking",,12,0.817293794831708,"German",,"Basel, Mülhausen","Germany, Switzerland","Badische Landesbibliothek","https://digital.blb-karlsruhe.de/id/3176320"
277,"regeko_312470967.pdf","pdf","words",1877,,"Marie Schandri","fraktur","Regensburger Kochbuch","Bourgeois cooking",,9,0.946979039434705,"German",,"Regensburg","Germany","SLUB Dresden","https://digital.slub-dresden.de/werkansicht/dlf/13896/1#"
278,"kochfuisf_312639775.pdf","pdf","words",1876,,"Therese Lederer","fraktur","Kochbuch für israelitische Frauen","Jewish, Bourgeois cooking",,1,0.940346604384231,"German",,"Budapest","Hungary","SLUB Dresden","https://digital.slub-dresden.de/werkansicht/dlf/10082/7#"
279,"sbb-PPN635355604.ocr.txt","text","words",1875,,"Johanna Boy","fraktur","Studenten-Kochbuch",,,,0.87119025667016,"German",,"Gotha","Germany","Staatsbibliothek zu Berlin","https://digital.staatsbibliothek-berlin.de/werkansicht?PPN=PPN635355604&PHYSID=PHYS_0016&DMDID=DMDLOG_0004&view=overview-info"
280,"cresbofrk_312610831.pdf","pdf","words",1874,,"Crescentia Bohrer","fraktur","Crescentia Bohrer's Freiburger Kochbuch","Bourgeois cooking",,5,0.88250269806906,"German",,"Freiburg","Germany","SLUB Dresden","https://digital.slub-dresden.de/werkansicht/dlf/3703/5"
281,"Diätetisches Koch-Buch.pdf","pdf","words",1873,,"Josef Wiel","latin","Diätetisches Koch-Buch","Rational and medical",,2,0.758519198817912,"German",,"Freiburg","Germany","Badische Landesbibliothek","https://digital.blb-karlsruhe.de/id/3183601"
282,"suppgeunf_312722087.pdf","pdf","words",1872,,"L. Wolff-Küchler","fraktur","Supp', Gemüs' und Fleisch","Bourgeois cooking",,18,0.921362452386725,"German",,"Darmstadt","Germany","SLUB Dresden","https://digital.slub-dresden.de/werkansicht/dlf/15489/2"
283,"bestbufud_345597095.pdf","pdf","words",1870,,"Elise Weber","fraktur","Das beste Bürger-Kochbuch für den täglichen Tisch","Bourgeois cooking",,12,0.913282289296743,"German",,"Leipzig","Germany","SLUB Dresden","https://digital.slub-dresden.de/werkansicht/dlf/50854/2"
284,"neuestko_312534469.pdf","pdf","words",1870,,"Marie Abele","fraktur","Neuestes Stuttgarter Kochbuch","Bourgeois cooking",,,0.866534917735708,"German",,"Stuttgart","Germany","SLUB Dresden","https://digital.slub-dresden.de/werkansicht/dlf/12114/5"
285,"Crescentia Bohrer's Freiburger Kochbuch.pdf","pdf","words",1870,,"Crescentia Bohrer","fraktur","Crescentia Bohrer's Freiburger Kochbuch","Bourgeois cooking",,4,0.866555762776073,"German",,"Freiburg","Germany","Badische Landesbibliothek","https://digital.blb-karlsruhe.de/id/3170667"
286,"prakkofuf_312788118.pdf","pdf","words",1869,,"Ignaz Benoit","fraktur","Praktisches Kochbuch für Fleisch-, Geflügel- und Fischarten","Bourgeois cooking",,2,0.857823931057256,"German",,"Berlin","Germany","SLUB Dresden","https://digital.slub-dresden.de/werkansicht/dlf/13321/1#"
287,"bestbufud_345596072.pdf","pdf","words",1869,,"Elise Weber","fraktur","Das beste Bürger-Kochbuch für den täglichen Tisch","Bourgeois cooking",,10,0.891180101209187,"German",,"Leipzig","Germany","SLUB Dresden","https://digital.slub-dresden.de/werkansicht/dlf/32070/1#"
288,"neueaukoo_312507925.pdf","pdf","words",1867,,"J. G. Sartory","fraktur","Neuestes Augsburger Kochbuch oder die Schwäbisch-Bayerische Küche","Fine cooking",,3,0.950701624657162,"German",,"Augsburg","Germany","SLUB Dresden","https://digital.slub-dresden.de/werkansicht/dlf/11949/1#"
289,"neueprbak_312667604.pdf","pdf","words",1866,,,"fraktur","Neues praktisches Badisches Kochbuch","Bourgeois cooking",,9,0.912115275790775,"German",,"Karlsruhe","Germany","SLUB Dresden","https://digital.slub-dresden.de/werkansicht/dlf/12071/5#"
290,"neuedrkoz_322966442.pdf","pdf","words",1866,,"A. Dietze","fraktur","Neuestes Dresdener Kochbuch zum Gebrauch für Stadt und Land","Bourgeois cooking",,3,0.91697598729521,"German",,"Dresden","Germany","SLUB Dresden","https://digital.slub-dresden.de/werkansicht/dlf/11973/7#"
291,"thurkofud_322857252.pdf","pdf","words",1865,,"Sophie Albrecht","fraktur","Thüringisches Kochbuch für die bürgerliche Küche","Bourgeois cooking",,6,0.907985060718957,"German",,"Leipzig","Germany","SLUB Dresden","https://digital.slub-dresden.de/werkansicht/dlf/15981/5"
292,"vollunaln_312328591_0002.pdf","pdf","words",1864,,"H. Klietsch und J.H. Siebell","fraktur","Vollständiges und allgemein nützliches Bamberger Kochbuch zum Gebrauche für alle Stände (1. Abtheilung)","Bourgeois cooking",,,0.906292098161045,"German",,"Bamberg","Germany","SLUB Dresden","https://digital.slub-dresden.de/werkansicht/dlf/17233/7#"
293,"deutbufud_345596846.pdf","pdf","words",1863,,"Elise Weber","fraktur","Deutsches Bürger-Kochbuch für den täglichen Tisch","Bourgeois cooking",,5,0.898182923923734,"German",,"Leipzig","Germany","SLUB Dresden","https://digital.slub-dresden.de/werkansicht/dlf/31863/1#"
294,"prakkofub_33671775X.pdf","pdf","words",1862,,"Sophie Roehmer","fraktur","Praktisches Kochbuch für bürgerliche Hausfrauen","Bourgeois cooking",,,0.925046308679309,"German",,"Dresden","Germany","SLUB Dresden","https://digital.slub-dresden.de/werkansicht/dlf/25320/5#"
295,"kochfuhaa_312669011.pdf","pdf","words",1862,,"F.V. Haupner","fraktur","Kochbuch für Haushaltungen aller Stände","Bourgeois cooking",,8,0.884082293634188,"German",,"Berlin","Germany","SLUB Dresden","https://digital.slub-dresden.de/werkansicht/dlf/10080/7#"
296,"neuekofuh_312799268.pdf","pdf","words",1862,,"Pauline Müller","fraktur","Neues Kochbuch für Haushaltungen aller Stände","Bourgeois cooking",,3,0.905546016766812,"German",,"Reutlingen","Germany","SLUB Dresden","https://digital.slub-dresden.de/werkansicht/dlf/12005/1"
