,id,pub_year,date_approx,author,script,title,type,series,edition,ocr_quality,language,translated_from,pub_city,country,source,source_url
0,1,1938,,Édouard de Pomiane,,"365 menus, 365 recettes",,,,0.75741756297942,French,,Paris,France,Archive.org,
1,2,1929,,,,A table! : chez Tante Claire,Bourgeois cooking,,,0.97999999947736,French,,Paris,France,Archive.org,
2,3,1855,,Louis-Eustache Audot,,Almanach des ménagères et des gastronomes,,,,0.942857142857143,French,,Paris,France,Archive.org,
3,4,1904,,Madame Seignobos,,"Comment on forme une cuisinière (deuxième partie volailles, gibiers, sauces)",Bourgeois cooking,,,0.867385201181019,French,,Paris,France,Archive.org,
4,5,1904,,Madame Seignobos,,Comment on forme une cuisinière (première partie viandes de boucherie),Bourgeois cooking,,,0.871212121212121,French,,Paris,France,Archive.org,
5,6,1904,,Madame Seignobos,,"Comment on forme une cuisinière (quatrième partie conserves, sirops, confitures)",Bourgeois cooking,,,0.916666666666666,French,,Paris,France,Archive.org,
6,7,1904,,Madame Seignobos,,"Comment on forme une cuisinière (troisième partie potages, pâtes, oeufs, légumes, poissons)",Bourgeois cooking,,,0.922870139431285,French,,Paris,France,Archive.org,
7,8,1876,,Urbain-Dubois,,"École des cuisinières, méthodes élémentaires, économiques",Fine cooking,,2,0.863437583963129,French,,Paris,France,Archive.org,
8,9,1877,,Jules Trousset,,Grande encyclopédie illustrée d'économie domestique et rurale (Tome 1 A-F),Bourgeois cooking,,,0.65914164665107,French,,Paris,France,Archive.org,
9,10,1890,1.0,Mme C. Durandeau,,Guide de la bonne cuisinière ,Bourgeois cooking,Guide de la bonne cuisinière ,11,0.961837745818994,French,,Paris,France,Archive.org,
10,11,1898,1.0,Mme C. Durandeau,,Guide de la bonne cuisinière ,Bourgeois cooking,Guide de la bonne cuisinière ,13,0.979980062542193,French,,Paris,France,Archive.org,
11,12,1900,1.0,Mme C. Durandeau,,Guide de la bonne cuisinière ,Bourgeois cooking,Guide de la bonne cuisinière ,17,0.948007649041829,French,,Paris,France,Archive.org,
12,13,1882,,Urbain-Dubois,,La cuisine artistique (première partie),Fine cooking,,2,0.75,French,,Paris,France,Gallica,
13,14,1906,,Auguste Colombié,,La cuisine bourgeoise Tome II,Bourgeois cooking,,1,0.99,French,,Meulan,France,Gallica,
14,15,1869,,Urbain Dubois et Émile Bernard,,La cuisine classique,Fine cooking,,3,0.97999998805924,French,,Paris,France,Gallica,
15,16,1895,,Catherine de Bonnechère,,La cuisine du siècle,Bourgeois cooking,,,0.788540231540435,French,,Paris,France,Archive.org,
16,17,1922,,,,La cuisine et la table modernes,Bourgeois cooking,,,0.990778306825879,French,,Paris,France,Gallica,
17,18,1864,,A. Gogué,,La cuisine française,Fine cooking,,3,0.991115630942775,French,,Paris,France,Gallica,
18,19,1876,,A. Gogué,,La cuisine française,Fine cooking,,5,0.989999999999994,French,,Paris,France,Gallica,
19,20,1848,,Beauvilliers et Carême,,La cuisine ordinaire. Tome 1,Bourgeois cooking,,,0.995,French,,Paris,France,Gallica,
20,21,1900,1.0,,,La cuisine pratique de Françoise,Bourgeois cooking,,,0.972730973732975,French,,Paris,France,Archive.org,
21,22,1900,,Dr Ern. Nyssens,,La cuisine rationnelle,Rational and medical,,,0.98666666607191,French,,"Paris, Bruxelles","France, Belgium",Gallica,
22,23,1907,,Mme Augusta Moll-Weiss,,La cuisine rationnelle des malades et des bien portants,Rational and medical,,,1.0,French,,Paris,France,Gallica,
23,24,1913,,Tante Mag,,La Cuisine simple,Bourgeois cooking,,,0.986998453013496,French,,Paris,France,Gallica,
24,25,1827,,,,La cuisinière bourgeoise,Bourgeois cooking,,5,0.745859255285209,French,,Paris,France,Archive.org,
25,26,1829,,,,La cuisinière bourgeoise,Bourgeois cooking,,7,0.63242489009428,French,,Paris,France,Archive.org,
26,27,1829,,Louis-Eustache Audot,,La cuisinière de la campagne et de la ville,Bourgeois cooking,La cuisinière de la campagne et de la ville,8,0.588843028205117,French,,Paris,France,Archive.org,
27,28,1836,,Louis-Eustache Audot,,La cuisinière de la campagne et de la ville,Bourgeois cooking,La cuisinière de la campagne et de la ville,20,0.97,French,,Paris,France,Archive.org,
28,29,1839,,Louis-Eustache Audot,,La cuisinière de la campagne et de la ville,Bourgeois cooking,La cuisinière de la campagne et de la ville,23,0.768119241743539,French,,Paris,France,Archive.org,
29,30,1853,,Louis-Eustache Audot,,La cuisinière de la campagne et de la ville,Bourgeois cooking,La cuisinière de la campagne et de la ville,33,0.925,French,,Paris,France,Archive.org,
30,31,1854,,Louis-Eustache Audot,,La cuisinière de la campagne et de la ville,Bourgeois cooking,La cuisinière de la campagne et de la ville,34,0.956115630942774,French,,Paris,France,Archive.org,
31,32,1858,,Louis-Eustache Audot,,La cuisinière de la campagne et de la ville,Bourgeois cooking,La cuisinière de la campagne et de la ville,38,0.96,French,,Paris,France,Archive.org,
32,33,1872,,Louis-Eustache Audot,,La cuisinière de la campagne et de la ville,Bourgeois cooking,La cuisinière de la campagne et de la ville,50,0.792846737910481,French,,Paris,France,Archive.org,
33,34,1879,,Louis-Eustache Audot,,La cuisinière de la campagne et de la ville,Bourgeois cooking,La cuisinière de la campagne et de la ville,57,0.851262742523866,French,,Paris,France,Archive.org,
34,35,1893,,Louis-Eustache Audot,,La cuisinière de la campagne et de la ville,Bourgeois cooking,La cuisinière de la campagne et de la ville,71,0.782866986858495,French,,Paris,France,Archive.org,
35,36,1909,,Louis-Eustache Audot,,La cuisinière de la campagne et de la ville,Bourgeois cooking,La cuisinière de la campagne et de la ville,87,0.961115512085302,French,,Paris,France,Archive.org,
36,37,1829,,,,La Cuisinière du Haut-Rhin,Bourgeois cooking,,,0.69402127304659,French,de,Mulhausen,France,Archive.org,
37,38,1850,1.0,Édouard Hocquart,,La cuisinière modèle,Bourgeois cooking,,5,0.98,French,,Paris,France,Archive.org,
38,39,1909,1.0,Mme E.H Gabrielle,,La cuisinière modèle,Bourgeois cooking,,,0.975,French,,Paris,France,Archive.org,
39,40,1900,,Jean-Baptiste Reboul,,La cuisinière Provençale,Bourgeois cooking,,3,0.712103995624354,French,,Marseilles,France,Archive.org,
40,41,1883,,Madame la comtesse de Bassanville,,La cuisinière universelle,Bourgeois cooking,,,0.968169903319279,French,,Paris,France,Gallica,
41,42,1902,,Prosper Salles et Prosper Montagné,,La grande cuisine illustrée,Fine cooking,,4,0.984999913742505,French,,Paris,France,Archive.org,
42,43,1817,,,,La nouvelle cuisinière bourgeoise,Bourgeois cooking,,4,0.784185311080833,French,,Paris,France,Archive.org,
43,44,1900,,Franc-Nohain,,La nouvelle cuisinière bourgeoise,Bourgeois cooking,,,0.842833228486019,French,,Paris,France,Archive.org,
44,45,1865,,Mlle Madeleine,,La parfaite cuisiniére bourgeoise,Bourgeois cooking,,4,0.944357625775404,French,,Paris,France,Archive.org,
45,46,1884,,,,La petite cuisine du baron Brisse,,,6,0.979999968268559,French,,Paris,France,Archive.org,
46,47,1899,,Carlotto Schulz,,La table du végétarien,Vegetarian,,,0.736521764437216,French,de,"Paris, Bruxelles","France, Belgium",Archive.org,https://archive.org/details/b21525651
47,48,1910,1.0,Tante Marie,,La véritable cuisine de famille,Bourgeois cooking,,,0.953895275160608,French,,Paris,France,Archive.org,
48,49,1886,,Léon Souchay,,Le bon cuisinier illustré,Fine cooking,,,0.994999999999948,French,,Paris,France,Gallica,
49,50,1818,,Mme Utrecht-Friedel,,Le confiseur royal,"Fine cooking, Pastry",,5,0.527496986086209,French,,Paris,France,Archive.org,
50,51,1828,,Mlle Marguerite,,Le cordon bleu. Nouvelle cuisinière bourgeoise ,Bourgeois cooking,,2,0.953020134228176,French,,Paris,France,Archive.org,
51,52,1869,1.0,Mlle Marguerite,,Le cordon bleu. Nouvelle cuisinière bourgeoise ,Bourgeois cooking,,,0.975,French,,Paris,France,Archive.org,
52,53,1883,,Mique Grandchamp,,Le cuisinier à la bonne franquette,Bourgeois cooking,,1,1.0,French,,Annecy,France,Gallica,
53,54,1844,,,,Le cuisinier des cuisiniers,Fine cooking,Le cuisinier des cuisiniers,10,0.995,French,,Paris,France,Gallica,
54,55,1877,,Jourdan-Lecointe,,Le cuisinier des cuisiniers,Fine cooking,Le cuisinier des cuisiniers,22,0.966465004627623,French,,Paris,France,Archive.org,
55,56,1880,1.0,Jourdan-Lecointe,,Le cuisinier des cuisiniers,Fine cooking,Le cuisinier des cuisiniers,30,0.989993221774867,French,,Paris,France,Archive.org,
56,57,1869,,Jourdan-Lecointe,,Le cuisinier des cuisiniers,Fine cooking,Le cuisinier des cuisiniers,,1.0,French,,Paris,France,Gallica,
57,58,1829,,A. Martin,,Le Cuisinier des gourmands,Fine cooking,,,0.987477880975712,French,,Paris,France,Gallica,
58,59,1889,,Gustave Garlin,,Le cuisinier moderne (Tome 1),Fine cooking,,2,0.613273062170306,French,,Paris,France,Archive.org,
59,60,1853,,"Viart, Fouret et Délan",,Le cuisinier national de la ville et de la campagne (ex cuisinier royal),Fine cooking,Le cuisinier royal,22,0.945,French,,Paris,France,Archive.org,
60,61,1836,,M.A. Chevrier,,Le cuisinier national et universel,Fine cooking,,,0.95,French,,Paris,France,Archive.org,
61,62,1849,,Antonin Carême,,"Le cuisinier parisien, ou l'art de la cuisine française au dix-neuvième siècle",Fine cooking,,2,0.942379829753569,French,,Paris,France,Archive.org,
62,63,1842,,Antonin Carême,,"Le cuisinier parisien, ou l'art de la cuisine française au dix-neuvième siècle",Fine cooking,,3,0.760109842860198,French,,Paris,France,Archive.org,
63,64,1817,,Viart,,Le cuisinier royal,Fine cooking,Le cuisinier royal,9,0.997446064795266,French,,Paris,France,Gallica,
64,65,1822,,Viart et Fouret,,Le cuisinier royal,Fine cooking,Le cuisinier royal,11,1.0,French,,Paris,France,Gallica,
65,66,1840,,Viart,,Le cuisinier royal,Fine cooking,Le cuisinier royal,17,0.522414944031273,French,,Paris,France,Archive.org,
66,67,1844,,Viart,,Le cuisinier royal,Fine cooking,Le cuisinier royal,19,0.591020715937761,French,,Paris,France,Archive.org,
67,68,1846,,"Viart, Fouret et Délan",,Le cuisinier royal,Fine cooking,Le cuisinier royal,20,0.928478574706556,French,,Paris,France,Archive.org,
68,69,1844,,Bernardi,,Le glacier royal,"Fine cooking, Pastry",,,0.934999967017374,French,,Paris,France,Archive.org,
69,70,1912,,Auguste Escoffier,,Le guide culinaire,Fine cooking,,3,0.997349866001824,French,,Paris,France,Gallica,
70,71,1877,,Jules Gouffé,,Le livre de cuisine,Fine cooking,Le livre de cuisine,4,0.714060739996244,French,,Paris,France,Archive.org,
71,72,1893,,Jules Gouffé,,Le livre de cuisine,Fine cooking,Le livre de cuisine,8,0.989553081355098,French,,Paris,France,Gallica,
72,73,1873,,Jules Gouffé,,Le Livre De Patisserie,Fine cooking,,,0.31118566368732,French,,Paris,France,Archive.org,
73,74,1869,,Jules Gouffé,,Le livre des conserves,Fine cooking,,,0.731802368262626,French,,Paris,France,Archive.org,
74,75,1911,,Pierre Lacam,,Le mémorial des glaces et entremets,Fine cooking,,3,0.450706653284271,French,,Paris,France,Archive.org,
75,76,1900,,Pierre Lacam,,Le mémorial historique et géographique de la pâtisserie,Fine cooking,,5,0.678905055925411,French,,Paris,France,Archive.org,
76,77,1813,,,,Le Nouveau cuisinier impérial,Fine cooking,,,0.996837818603991,French,,Paris,France,Gallica,
77,78,1886,,Mlle Emmeline Raymond,,Le nouveau livre de cuisine,Bourgeois cooking,,,0.965,French,,Paris,France,Archive.org,
78,79,1822,,A.T. Raimbaut,,Le parfait cuisinier,Fine cooking,,4,0.630360280983915,French,,Paris,France,Archive.org,
79,80,1825,,A.T. Raimbaut,,Le parfait cuisinier,Fine cooking,,5,0.799216995409459,French,,Paris,France,Archive.org,
80,81,1880,1.0,Émile Dumont,,Le parfait patissier,Fine cooking,,,0.963849722767014,French,,Paris,France,Archive.org,
81,82,1827,,M. Gauthier,,Le petit cuisinier de la ville et de la campagne,Bourgeois cooking,,1,0.935483870967742,French,,Lons-le-Saunier,France,Gallica,
82,83,1923,,Th. Gringoire et L. Saulnier,,Le répertoire de la cuisine,Fine cooking,,3,0.992987790606312,French,,"Paris, Londres","France, United Kingdom",Gallica,
83,84,1903,,A. de Villiers,,Le tour du monde en quatre-vingts recettes,,,,0.666071378995342,French,,Paris,France,Archive.org,
84,85,1886,,Sophie Wattel,,Les cent mille recettes de la bonne cuisinière bourgeoise à la ville et à la campagne,Bourgeois cooking,,,0.975,French,,Paris,France,Gallica,
85,86,1890,,A. Héraud,,Les secrets de l'alimentation à la ville et à la campagne,Fine cooking,,,0.746139071573493,French,,Paris,France,Archive.org,
86,87,1856,,A. Gogué,,Les secrets de la cuisine française,Fine cooking,,,1.0,French,,Paris,France,Gallica,
87,88,1904,,G.S.,,Les soupes de France,,,,0.758620689655171,French,,Paris,France,Archive.org,
88,89,1934,,Auguste Escoffier,,Ma Cuisine,Fine cooking,,,0.985,French,,Paris,France,Gallica,
89,90,1851,,Mlle Catherine,,Manuel complet de la cuisinière bourgeoise,Bourgeois cooking,,32,0.894999983187838,French,,Paris,France,Archive.org,
90,91,1885,1.0,Mlle Catherine,,Manuel complet de la cuisinière bourgeoise,Bourgeois cooking,,94,0.71169857005468,French,,Paris,France,Archive.org,
91,92,1876,1.0,,,Manuel de cuisine,Fine cooking,,,0.837222951054099,French,,Paris,France,Archive.org,
92,93,1831,,M. Cardelli,,Manuel du cuisinier et de la cuisinière,Bourgeois cooking,,,0.996828915287426,French,,Paris,France,Gallica,
93,94,1920,,,,Manuel Pratique De Cuisine Provençale ,Bourgeois cooking,,,0.739591285787029,French,,Marseilles,France,Archive.org,
94,95,1896,,Paul Friand,,Notre cuisine,,,,0.611092978738339,French,,Paris,France,Archive.org,
95,96,1850,1.0,,,Nouveau manuel de la cuisinière bourgeoise et économique,Bourgeois cooking,,,0.678825620099887,French,,Paris,France,Archive.org,
96,97,1866,,,,Nouveau manuel de la cuisinière bourgeoise et économique,Bourgeois cooking,,,0.707447745743764,French,,Paris,France,Archive.org,
97,98,1838,,Chevrier,,Nouveau manuel du cuisinier,Fine cooking,,2,0.995,French,,"Paris, Limoges",France,Gallica,
98,99,1900,1.0,Urbain-Dubois,,Nouvelle cuisine bourgeoise,Bourgeois cooking,,23,0.606797005367627,French,,Paris,France,Archive.org,
99,100,1840,,M. Lombez,,Nouvelle cuisinière bourgeoise,Bourgeois cooking,,,0.99,French,,Limoges,France,Archive.org,
100,101,1842,,M. Lombez,,Nouvelle cuisinière bourgeoise,Bourgeois cooking,,,0.709313752739994,French,,Paris,France,Archive.org,
101,102,1858,1.0,,,Petite cuisinière des ménages,Bourgeois cooking,,,0.901315732639638,French,,Paris,France,Archive.org,
102,103,1900,,Achille Ozanne,,Poésies gourmandes: recettes culinaires en vers,Poetry,,,0.717743125143665,French,,Paris,France,Archive.org,
103,104,1914,,Mesdames Coquelet et Tissier,,Régime végétalien,Vegetarian,,,0.627119009489779,French,,Paris,France,Archive.org,
104,105,1894,,Auguste Colombié,,Traité pratique de cuisine bourgeoise au gaz,Bourgeois cooking,,,0.995,French,,Paris,France,Gallica,
105,106,1864,,Louis-Eustache Audot,,Bréviaire du gastronome,,,,0.991609837932733,French,,Paris,France,Gallica,
106,107,1898,,Louis-Eustache Audot,,La cuisinière de la campagne et de la ville,Bourgeois cooking,La cuisinière de la campagne et de la ville,76,0.995,French,,Paris,France,Gallica,
107,108,1900,,Louis-Eustache Audot,,La cuisinière de la campagne et de la ville,Bourgeois cooking,La cuisinière de la campagne et de la ville,78,0.99,French,,Paris,France,Gallica,
108,109,1867,,,,La cuisinière des cuisinières,Bourgeois cooking,,,0.813625795832901,French,,Limoges,France,Gallica,
109,110,1890,,C. Asserolle,,Ma Cuisine,Bourgeois cooking,,,0.984118763238937,French,,Paris,France,Gallica,
110,111,1881,,,,La cuisine pour tous,Bourgeois cooking,,,0.991062543141437,French,,Paris,France,Gallica,
111,112,1927,,Auguste Escoffier,,Le riz,Bourgeois cooking,,,0.976744186046276,French,,Paris,France,Gallica,
112,113,1903,,Auguste Escoffier,,Le guide culinaire,Fine cooking,,,1.0,French,,Paris,France,Gallica,
113,114,1867,,Jules Gouffé,,Le livre de cuisine,Fine cooking,Le livre de cuisine,,0.784931289871897,French,,Paris,France,Gallica,
114,115,1884,,Jules Gouffé,,Le livre de cuisine,Fine cooking,Le livre de cuisine,6,0.755124750531227,French,,Paris,France,Gallica,
115,116,1843,,Viktorine Schiller,fraktur,Neuestes Süddeutsches Kochbuch für alle Stände,Bourgeois cooking,,,0.804790501255967,German,,Stuttgart,Germany,Archive.org,
116,117,1866,,Sophie Wilhelmine Scheibler,fraktur,Allgemeines Deutsches Kochbuch für alle Stände,Bourgeois cooking,Allgemeines Deutsches Kochbuch für alle Stände,17,0.812123538184566,German,,"Leipzig, Berlin",Germany,Archive.org,
117,118,1877,,Sophie Wilhelmine Scheibler,fraktur,Allgemeines Deutsches Kochbuch für alle Stände,Bourgeois cooking,Allgemeines Deutsches Kochbuch für alle Stände,23,0.797966826469657,German,,Leipzig,Germany,Wienbibliothek,
118,119,1887,,Sophie Wilhelmine Scheibler,fraktur,Allgemeines Deutsches Kochbuch für alle Stände,Bourgeois cooking,Allgemeines Deutsches Kochbuch für alle Stände,31,0.844069392307357,German,,Leipzig,Germany,Archive.org,
119,120,1899,,Charlotte Hommer,fraktur,Großes Hamburger Kochbuch für alle Stände,Bourgeois cooking,,14,0.924467420691902,German,,Hamburg,Germany,Archive.org,
120,121,1851,,Maria Katharina Daisenberger,fraktur,Vollständiges Bayrisches Kochbuch für alle Stände,Bourgeois cooking,,17,0.863887303616807,German,,Nürnberg,Germany,Archive.org,
121,122,1905,,Otto Dornblüth,fraktur,Diätetisches Kochbuch,Rational and medical,,2,0.859930491390766,German,,Würzburg,Germany,Archive.org,
122,123,1915,,Ida Schuppli und Betty Hinterer,fraktur,Grabnerhof Kochbuch,Bourgeois cooking,,2,0.840657399744743,German,,"Wien, Leipzig",Germany,Wienbibliothek,
123,124,1870,,Jules Gouffé,latin,Le livre de cuisine,Fine cooking,Le livre de cuisine,2,0.773433306291766,French,,Paris,France,Gallica,
124,125,1902,,Jules Gouffé,latin,Le livre de cuisine,Fine cooking,Le livre de cuisine,,0.76778556452822,French,,Paris,France,Gallica,
125,126,1873,,Eduard Baltzer,fraktur,Vegetarianisches Kochbuch,Vegetarian,,4,0.701426721996263,German,,Nordhausen,Germany,Universität Hamburg,https://digitalisate.sub.uni-hamburg.de/de/nc/detail.html?tx_dlf%5Bid%5D=33368&tx_dlf%5Bpage%5D=1&tx_dlf%5Bpointer%5D=0
126,127,1903,,Witwe Marie Kauders,fraktur,Vollständiges Israelitisches Kochbuch,"Jewish, Bourgeois cooking",,4,0.850072703136439,German,,"Prag, Breslau","Austria, Germany",Wienbibliothek,https://www.digital.wienbibliothek.at/id/2743618
127,128,1852,,Christine Charlotte Riedl,fraktur,Lindauer Kochbuch,Bourgeois cooking,Lindauer Kochbuch,,0.926192222107917,German,,Lindau,Germany,Archive.org,https://archive.org/details/bub_gb_PmU7AAAAcAAJ
128,129,1854,,W. Göbel,fraktur,Homöopathisches Kochbuch,Rational and medical,,2,0.792169003737445,German,,Sondershausen,Germany,Archive.org,https://archive.org/details/homopathischesk00gbgoog/
129,130,1805,,,fraktur,Vollständiges und allgemeinnützliches Bamberger Kochbuch,Bourgeois cooking,,,0.914824411815376,German,,Bamberg,Germany,Archive.org,https://archive.org/details/vollstandigesund00klie
130,131,1807,,Sophie Juliane Weiler,fraktur,Augsburgisches Kochbuch,Bourgeois cooking,Augsburgisches Kochbuch,10,0.897769614232766,German,,Augsburg,Germany,Archive.org,https://archive.org/details/bub_gb_MI47AAAAcAAJ
131,132,1808,,,fraktur,Vollständiges hannöverisches Kochbuch,Bourgeois cooking,,,0.789484963418013,German,,Hannover,Germany,Archive.org,https://archive.org/details/vollstndigeshan00unkngoog
132,133,1813,,,fraktur,Neues Fränkisches Kochbuch,Bourgeois cooking,,,0.914658546861502,German,,Ansbach,Germany,Archive.org,https://archive.org/details/bub_gb_eNoqAAAAYAAJ
133,134,1819,,Sophie Juliane Weiler,fraktur,Augsburgisches Kochbuch,Bourgeois cooking,Augsburgisches Kochbuch,14,0.914943513752591,German,,Augsburg,Germany,Archive.org,https://archive.org/details/bub_gb_73w7AAAAcAAJ
134,135,1823,,Franz Anton Weilhuber,fraktur,Teutsches Universal-Kochbuch (zweyter Theil),Bourgeois cooking,,,0.919328975270162,German,,Pappenheim,Germany,Archive.org,https://archive.org/details/bub_gb_r287AAAAcAAJ
135,136,1825,,Friedr. Luise Löffler,fraktur,Neues Kochbuch (Anhang),Bourgeois cooking,Friedr. Luise Löffler,4,0.926975630487088,German,,Stuttgart,Germany,Archive.org,https://archive.org/details/bub_gb_tQIqAAAAYAAJ_2
136,137,1827,,Marie Rosnack,fraktur,Neues Stettiner Kochbuch,Bourgeois cooking,,,0.914782777979918,German,,Stettin,Germany,Archive.org,https://archive.org/details/b21533854
137,138,1828,,Sophie Armster,fraktur,Kochbuch für alle Stände,Bourgeois cooking,,,0.912815255179344,German,,"Hannover, Stade",Germany,Archive.org,https://archive.org/details/b22023653
138,139,1831,,Bartels,fraktur,Die allezeit fertige Hamburger Köchin,Bourgeois cooking,,,0.892012127432448,German,,Hamburg,Germany,Archive.org,https://archive.org/details/bub_gb_NIU7AAAAcAAJ
139,140,1833,,Friedr. Luise Löffler,fraktur,Neues Kochbuch (erster Theil),Bourgeois cooking,Friedr. Luise Löffler,8,0.894490324957027,German,,Stuttgart,Germany,Archive.org,https://archive.org/details/bub_gb_6f8pAAAAYAAJ
140,141,1847,,Betty Gleim,fraktur,Betty Gleim's Bremisches Kochbuch,Bourgeois cooking,,8,0.918284310943688,German,,Bremen,Germany,Archive.org,https://archive.org/details/bub_gb_sV42AQAAMAAJ
141,142,1848,,J. G. Sartory,fraktur,Die schwäbisch-bayerische Küche oder Neuestes Augsburger Kochbuch,Bourgeois cooking,,,0.938686465070322,German,,Augsburg,Germany,Archive.org,https://archive.org/details/bub_gb_W187AAAAcAAJ
142,143,1845,,Helene Rundell,fraktur,Neuestes auf Erfahrung gegründetes Kochbuch,Bourgeois cooking,,62 (frei bearbeitet nach),0.930787006385594,German,,Ulm,Germany,Archive.org,https://archive.org/details/bub_gb__Ps8AAAAYAAJ
143,144,1840,,J. Stolz,fraktur,Vollständiges rheinisches Kochbuch,Bourgeois cooking,,2,0.962424921216514,German,,Karlsruhe,Germany,Archive.org,https://archive.org/details/bub_gb_O7AzTOZl4acC
144,145,1839,,M.D. Funck,fraktur,Neues Fränkisches Kochbuch,Bourgeois cooking,,3,0.933826906555251,German,,Erlangen,Germany,Archive.org,https://archive.org/details/bub_gb_yt86AAAAcAAJ
145,146,1838,,Luise Schaefer,fraktur,Neues schwäbisches Kochbuch,Bourgeois cooking,,2,0.926038664979152,German,,Stuttgart,Germany,Archive.org,https://archive.org/details/bub_gb_sdcpAAAAYAAJ
146,147,1835,,Margaretha Elisabetha Klotschin,fraktur,Praktisches Kochbuch für Hausmütter und Köchinnen,Bourgeois cooking,,4,0.909067898705559,German,,Nürnberg,Germany,Archive.org,https://archive.org/details/bub_gb_vPg6AAAAcAAJ
147,148,1835,,Sophie Juliane Weiler,fraktur,Augsburgisches Kochbuch (zweiter theil),Bourgeois cooking,Augsburgisches Kochbuch,2,0.951970913977293,German,,"Regensburg, Landshut",Germany,Archive.org,https://archive.org/details/bub_gb_Wn47AAAAcAAJ
148,149,1834,,Friederike Hehn,fraktur,Homöopathisches Kochbuch,Rational and medical,,,0.881849015903448,German,,Berlin,Germany,Archive.org,https://archive.org/details/homopathischesk00hehngoog
149,150,1855,,Christine Charlotte Riedl,fraktur,Lindauer Kochbuch,Bourgeois cooking,Lindauer Kochbuch,2,0.941485061529417,German,,Lindau,Germany,Archive.org,https://archive.org/details/bub_gb_YWU7AAAAcAAJ
150,151,1858,,Johann Rottenhöfer,fraktur,Neue vollständige theoretisch-praktische Anweisung in der feinern Kochkunst,Fine cooking,,,0.882799294176721,German,,München,Germany,Archive.org,https://archive.org/details/b28130042
151,152,1858,,L. Kurth,fraktur,Illustrirtes Kochbuch,Fine cooking,,2,0.869530902111626,German,,Berlin,Germany,Archive.org,https://archive.org/details/b28139926
152,153,1858,,Henriette Davidis,fraktur,Praktisches Kochbuch,Bourgeois cooking,Davidis,7,0.954518782251129,German,,Bielefeld,Germany,Archive.org,https://archive.org/details/bub_gb__jVdAAAAcAAJ
153,154,1858,,Anna Bergner,fraktur,Pfälzer Kochbuch,Bourgeois cooking,,,0.761423870455871,German,,Mannheim,Germany,Archive.org,https://archive.org/details/bub_gb_UMU6AAAAcAAJ
154,155,1861,,L. Kurth,fraktur,Illustrirtes Kochbuch,Fine cooking,,4,0.847417573945873,German,,Berlin,Germany,Archive.org,https://archive.org/details/b28100529
155,156,1865,,Christine Charlotte Riedl,fraktur,Lindauer Kochbuch,Bourgeois cooking,Lindauer Kochbuch,4,0.926798797981158,German,,Lindau,Germany,Archive.org,https://archive.org/details/bub_gb__mU7AAAAcAAJ
156,157,1866,,,fraktur,Neues praktisches badisches Kochbuch,Bourgeois cooking,,9,0.909941901177298,German,,Karlsruhe,Germany,Archive.org,https://archive.org/details/neuespraktisches00karl
157,158,1867,,Marie Schandri,fraktur,Regensburger Kochbuch,Bourgeois cooking,Regensburger Kochbuch,,0.904486893146839,German,,Regensburg,Germany,Archive.org,https://archive.org/details/bub_gb_RVY7AAAAcAAJ
158,159,1868,,Marie Schandri,fraktur,Regensburger Kochbuch,Bourgeois cooking,Regensburger Kochbuch,2,0.91013805373175,German,,Regensburg,Germany,Archive.org,https://archive.org/details/bub_gb_aVY7AAAAcAAJ_3
159,160,1870,,Anna Bergner,fraktur,Anna Bergner's Kochbuch,Bourgeois cooking,,,0.927873458770699,German,,Mannheim,Germany,Archive.org,https://archive.org/details/bub_gb_3vMpAAAAYAAJ
160,161,1871,,Christine Charlotte Riedl,fraktur,Lindauer Kochbuch,Bourgeois cooking,Lindauer Kochbuch,6,0.947044899442976,German,,Lindau,Germany,Archive.org,https://archive.org/details/bub_gb__WFTAAAAcAAJ
161,162,1871,,Marie Schandri,fraktur,Regensburger Kochbuch,Bourgeois cooking,Regensburger Kochbuch,4,0.887283879165706,German,,Regensburg,Germany,Archive.org,https://archive.org/details/bub_gb_S2JTAAAAcAAJ
162,163,1871,,W. Schünemann,fraktur,Neuestes Frankfurter Kochbuch,Bourgeois cooking,,8,0.886178608188813,German,,Frankfurt am Main,Germany,Archive.org,https://archive.org/details/bub_gb_nL1RAAAAcAAJ
163,164,1873,,Therese Brunn,fraktur,Würzburger Kochbuch,Bourgeois cooking,,3,0.910769602810271,German,,Würzburg,Germany,Archive.org,https://archive.org/details/bub_gb_pT5aAAAAcAAJ
164,165,1873,,J. G. Sartory,fraktur,Neuestes Augsburger Kochbuch,Bourgeois cooking,,4,0.961307314066268,German,,Augsburg,Germany,Archive.org,https://archive.org/details/bub_gb_iz9aAAAAcAAJ
165,166,1874,,Henriette Lagler,fraktur,Kochbuch für die böhmische und deutsche Küche,Bourgeois cooking,,2,0.913856700059832,German,,Halle,Germany,Archive.org,https://archive.org/details/b21533866
166,167,1878,,,fraktur,Neues praktisches Badisches Kochbuch,Bourgeois cooking,,11,0.896775358419709,German,,Karlsruhe,Germany,Archive.org,https://archive.org/details/bub_gb_dWcOAAAAYAAJ
167,168,1878,,Henriette Löffler,fraktur,Henriette Löffler's Grosses illustrirtes Kochbuch,Bourgeois cooking,,,0.883174343045528,German,,Ulm,Germany,Archive.org,https://archive.org/details/b28131290
168,169,1879,,Anna Oppre,fraktur,Das neue Kochbuch für das deutsche Haus,Bourgeois cooking,,,0.831149728171378,German,,Augsburg,Germany,Archive.org,https://archive.org/details/bub_gb_WBg9AAAAYAAJ
169,170,1881,,Henriette Davidis,fraktur,Praktisches Kochbuch,Bourgeois cooking,Davidis,24,0.919864735009692,German,,"Bielefeld, Leipzig",Germany,Archive.org,https://archive.org/details/bub_gb_vv8pAAAAYAAJ
170,171,1882,,Henriette Davidis,fraktur,Praktisches Kochbuch,Bourgeois cooking,Davidis,25,0.960138482583612,German,,"Bielefeld, Leipzig",Germany,Archive.org,https://archive.org/details/b28108309
171,172,1885,,Henriette Davidis,fraktur,Praktisches Kochbuch,Bourgeois cooking,Davidis,27,0.905844240867437,German,,"Bielefeld, Leipzig",Germany,Archive.org,https://archive.org/details/praktischeskoch00davigoog
172,173,1886,,Christine Charlotte Riedl,fraktur,Lindauer Kochbuch,Bourgeois cooking,Lindauer Kochbuch,10,0.927747148124114,German,,Lindau,Germany,Archive.org,https://archive.org/details/b21538360
173,174,1886,,Marie Ernst,fraktur,Das Buch der richtigen Ernährung Gesunder und Kranker (erster Band),Bourgeois cooking,,,0.932699329007345,German,,Leipzig,Germany,Archive.org,https://archive.org/details/bub_gb_4SFEAAAAYAAJ
174,175,1886,,Carl Beck,latin,Taschenbuch der Kochkunst,Fine cooking,,,0.692133756393333,German,,Berlin,Germany,Archive.org,https://archive.org/details/b28131010
175,176,1893,,Marie Schandri,fraktur,Regensburger Kochbuch,Bourgeois cooking,Regensburger Kochbuch,30,0.922008704850943,German,,Regensburg,Germany,Archive.org,https://archive.org/details/b21538347
176,177,1894,,"Henriette Davidis, Luise Holle",fraktur,Praktisches Kochbuch,Bourgeois cooking,Davidis,34,0.915897768313199,German,,"Bielefeld, Leipzig",Germany,Archive.org,https://archive.org/details/bub_gb_htcqAAAAYAAJ
177,178,1895,,"Langermann, Biedert",fraktur,Diätetik und Kochbuch für Magen- und darmkranke,Rational and medical,,,0.640724848823,German,,Stuttgart,Germany,Archive.org,https://archive.org/details/ditetikundkochb00langgoog
178,179,1896,,Th. Haslinger,fraktur,Junggesellen- und Touristen-kochbuch,Bourgeois cooking,,,0.817559337963913,German,,München,Germany,Archive.org,https://archive.org/details/bub_gb_hGkXAAAAYAAJ
179,180,1897,,"Henriette Davidis, Luise Holle",fraktur,Praktisches Kochbuch,Bourgeois cooking,Davidis,36,0.898146534232714,German,,"Bielefeld, Leipzig",Germany,Archive.org,https://archive.org/details/bub_gb_1fspAAAAYAAJ/
180,181,1897,,Friedr. Luise Löffler,fraktur,Neues Stuttgarter Kochbuch,Bourgeois cooking,Friedr. Luise Löffler,21,0.875156656743163,German,,Stuttgart,Germany,Archive.org,https://archive.org/details/bub_gb_PAAqAAAAYAAJ
181,182,1897,,H. L.,fraktur,Kochbuch für drei und mehr Personen,Bourgeois cooking,,,0.909521124205628,German,,München,Germany,Archive.org,https://archive.org/details/bub_gb_D_kpAAAAYAAJ
182,183,1898,,Traugott Hammerl,fraktur,Norddeutsches Kochbuch,Bourgeois cooking,,,0.882415084945406,German,,Wismar,Germany,Archive.org,https://archive.org/details/bub_gb_B9oqAAAAYAAJ
183,184,1898,,"Henriette Davidis, Luise Holle",fraktur,Praktisches Kochbuch,Bourgeois cooking,Davidis,37,0.907940291985541,German,,"Bielefeld, Leipzig",Germany,Archive.org,https://archive.org/details/b21525961
184,185,1898,,Emma Allestein,fraktur,Kleines kochbuch für angehende Köchinnen,Bourgeois cooking,,3,0.91484758890057,German,,Gera,Germany,Archive.org,https://archive.org/details/bub_gb_L9gqAAAAYAAJ
185,186,1898,,Anna Siegrfried,fraktur,Einfaches Kochbuch für Schule und Haus,,,,0.810749780699883,German,,Königsberg,Germany,Archive.org,https://archive.org/details/bub_gb_SeYqAAAAYAAJ
186,187,1899,,Friedericke Winckler,fraktur,Kochbuch für Zuckerkranke und Fettleibige,Rational and medical,,3,0.812549547000077,German,,Wiesbaden,Germany,Archive.org,https://archive.org/details/bub_gb_JKIVAAAAYAAJ
187,188,1901,,"Henriette Davidis, Luise Holle",fraktur,Praktisches Kochbuch,Bourgeois cooking,Davidis,39,0.869765575867897,German,,"Bielefeld, Leipzig",Germany,Archive.org,https://archive.org/details/b21536004
188,189,1902,,Anna Barnekow,fraktur,Norddeutsches Kochbuch,Bourgeois cooking,,,0.937964811749267,German,,Lübeck,Germany,Archive.org,https://archive.org/details/bub_gb_RNkqAAAAYAAJ
189,190,1904,,F. von Winckler,fraktur,Kochbuch für Zuckerkranke und Fettleibige,Rational and medical,,5,0.841177155109812,German,,Wiesbaden,Germany,Archive.org,https://archive.org/details/bub_gb_Ib8NAAAAYAAJ
190,191,1905,,H. Hohtmann,fraktur,Kochbuch für den Gasherd,Bourgeois cooking,,8,0.818328452086766,German,,Wiesbaden,Germany,Archive.org,https://archive.org/details/b21506188
191,192,1906,,Anna Barnbeck,fraktur,Kochbuch für vegetarische Küche,Vegetarian,,,0.818205626599651,German,,Cassel,Germany,Archive.org,https://archive.org/details/bub_gb_nNcqAAAAYAAJ/
192,193,1906,,"Henriette Davidis-Holle, Luise Holle",fraktur,Praktisches Kochbuch,Bourgeois cooking,Davidis,42,0.898882425805443,German,,"Bielefeld, Leipzig",Germany,Archive.org,https://archive.org/details/b28054866
193,194,1906,,Louise Ravit,fraktur,Kochbuch für Haushaltungschulen,Bourgeois cooking,,3,0.716616672189977,German,,"Kiel, Leipzig",Germany,Archive.org,https://archive.org/details/bub_gb_BeEqAAAAYAAJ
194,195,1907,,Antonie Brandeis,latin,Kochbuch für die Tropen,,,,0.868446226975533,German,,Berlin,Germany,Archive.org,https://archive.org/details/bub_gb_lXPEGoNzl1MC
195,196,1907,,Friedr. Luise Löffler,fraktur,Neues Stuttgarter Kochbuch,Bourgeois cooking,Friedr. Luise Löffler,25,0.923457979146616,German,,Stuttgart,Germany,Archive.org,https://archive.org/details/b21537070
196,197,1910,,Pr. Dr. Christian Jürgensen,latin,"Kochlehrbuch und praktisches Kochbuch für Ärzte, Hygieniker, Hausfrauen, Kochschulen",Rational and medical,,,0.757465698551469,German,dk,Berlin,Germany,Archive.org,https://archive.org/details/b28052791
197,198,1911,,"M. Ehrhardt, A. Mathis",fraktur,Grosses illustriertes Kochbuch,"Bourgeois cooking, Fine cooking",,,0.856589263587019,German,,Berlin,Germany,Archive.org,https://archive.org/details/b28079929/
198,199,1913,,Dr. Med. Hermann Schall,fraktur,Berechnete ärztliche Kostverordnungen,Rational and medical,,,0.502524966083669,German,,Würzburg,Germany,Archive.org,https://archive.org/details/b28063193
199,200,1913,,Antonie Brandeis,latin,Kochbuch für die Tropen,,,2,0.876469219164111,German,,Berlin,Germany,Archive.org,https://archive.org/details/b28086375
200,201,1919,,Marie Schandri,fraktur,Regensburger Kochbuch,Bourgeois cooking,Regensburger Kochbuch,63,0.90342868846964,German,,Regensburg,Germany,Archive.org,https://archive.org/details/RegensburgerKochbuch1919/
201,202,1815,,Josef Stolz,fraktur,Kochbuch für Israeliten,"Jewish, Fine cooking",,,0.731785890018808,German,,Karlsruhe,Germany,Uni Freiburg,http://dl.ub.uni-freiburg.de/diglit/stolz1815
202,203,1934,,Margarethe Oberdörffer,fraktur,Diätlehre und Kochbuch,Rational and medical,,,0.854639141972521,German,,Gailingen,Germany,Badische Landesbibliothek,https://digital.blb-karlsruhe.de/id/3372005
203,204,1930,,Theodor Weiss,latin,Kochbuch für Zuckerkranke,Rational and medical,,,0.556971894625204,German,,Dresden,Germany,SLUB Dresden,https://digital.slub-dresden.de/werkansicht/dlf/206528/1
204,205,1930,1.0,F.L. Fischer,fraktur,Freiburger Geschenk-Kochbuch für junge Ehen,Bourgeois cooking,,,0.6496863310933,German,,Stuttgart,Germany,Badische Landesbibliothek,https://digital.blb-karlsruhe.de/id/4954892
205,206,1924,,Davidis-Schneider,fraktur,Praktisches Kochbuch für die einfacherere und feinere Küche,Bourgeois cooking,Davidis,,0.825598395480044,German,,Karlsruhe,Germany,Badische Landesbibliothek,https://digital.blb-karlsruhe.de/id/4975748
206,207,1918,,Marianne Götze,fraktur,Die Kochkiste im Dienste der Kriegskost,War cookbook,,,0.893205932025498,German,,Leipzig,Germany,Staatsbibliothek zu Berlin,https://digital.staatsbibliothek-berlin.de/werkansicht?PPN=PPN726742449&view=picture-download&PHYSID=PHYS_0003&DMDID=
207,208,1918,,Ida Schuppli und Betty Hinterer,fraktur,Kochbüchlein für knappe Zeiten,War cookbook,,2,0.783448050684984,German,,"Wien, Leipzig",Germany,Badische Landesbibliothek,https://digital.blb-karlsruhe.de/id/4279912
208,209,1917,,Hanna Behnke,fraktur,Zeitgemäße Küche im dritten Kriegsjahr 1916/17,War cookbook,,2,0.915653151805594,German,,Hamburg,Germany,Staatsbibliothek zu Berlin,https://digital.staatsbibliothek-berlin.de/werkansicht/?PPN=PPN725951052
209,210,1917,,Marie Priester,fraktur,Kriegsgerichte ohne Fett,War cookbook,,8,0.865630263265034,German,,Frankfurt am Main,Germany,Staatsbibliothek zu Berlin,https://digital.staatsbibliothek-berlin.de/werkansicht?PPN=PPN716151448&view=picture-download
210,211,1917,,Ida Keller,fraktur,Neues Kohlrüben-Kriegskochbuch,War cookbook,,,0.332627609814989,German,,Chemnitz,Germany,Staatsbibliothek zu Berlin,https://digital.staatsbibliothek-berlin.de/werkansicht?PPN=PPN684753898&view=picture-download
211,212,1916,,Viktoria Löbenberg,fraktur,Das deutsche Sparkochbuch für Kriegs- und Friedenszeit,War cookbook,,,0.81597615593279,German,,München,Germany,Universität Tübingen,http://idb.ub.uni-tuebingen.de/opendigi/Eg1596#p=1&tab=info
212,213,1916,,Frau H. Kiel und Adam Stober,latin,Kriegs-Küche,War cookbook,,,0.89924432746814,German,,Nürnberg,Germany,Staatsbibliothek zu Berlin,https://digital.staatsbibliothek-berlin.de/werkansicht?PPN=PPN726176915&PHYSID=PHYS_0003&DMDID=&view=picture-download
213,214,1916,,Martha Bielenstein,fraktur,Notstandskochbüchlein,War cookbook,,,0.942175543842623,German,,Memel,Germany,Staatsbibliothek zu Berlin,https://digital.staatsbibliothek-berlin.de/werkansicht?PPN=PPN718154363&PHYSID=PHYS_0003&DMDID=&view=picture-download
214,215,1916,,Lisa Wenninger,fraktur,Kriegskochbuch,War cookbook,,,0.876199622301243,German,,Heilbronn,Germany,Staatsbibliothek zu Berlin,https://digital.staatsbibliothek-berlin.de/werkansicht?PPN=PPN727652788
215,216,1916,,,fraktur,Rezepte der Kriegskochkurse,War cookbook,,,0.863951701377913,German,,Speyer,Germany,Staatsbibliothek zu Berlin,https://digital.staatsbibliothek-berlin.de/werkansicht?PPN=PPN718080351&view=picture-download
216,217,1916,,,fraktur,Die deutsche Konditorei im Zeichen des Krieges,"War cookbook, Pastry",,,0.812508115068613,German,,Neustadt a. d. Haardt,Germany,Staatsbibliothek zu Berlin,https://digital.staatsbibliothek-berlin.de/werkansicht?PPN=PPN72123335X&view=overview-info&PHYSID=PHYS_0005&DMDID=DMDLOG_0001
217,218,1915,,Luise Hainlen,fraktur,Schwäbisches Kriegskochbuch,War cookbook,,,0.835841712167344,German,,Geislingen an der Steige,Germany,Staatsbibliothek zu Berlin,https://digital.staatsbibliothek-berlin.de/werkansicht?PPN=PPN724008284&view=overview-info
218,219,1915,,Emma Wiedermann,fraktur,Das Kriegskochbuch,War cookbook,,,0.311234193353934,German,,Berlin,Germany,Staatsbibliothek zu Berlin,https://digital.staatsbibliothek-berlin.de/werkansicht?PPN=PPN726014907&view=overview-info
219,220,1915,,Mikkel Hindhede,fraktur,Praktisches Kochbuch zum System Dr. med. Hindhede,Rational and medical,,,0.687732517318177,German,dk,"Berlin, Leipzig, Wien, Zürich","Germany, Austria, Switzerland",Staatsbibliothek zu Berlin,https://digital.staatsbibliothek-berlin.de/werkansicht?PPN=PPN679604510&PHYSID=PHYS_0005&DMDID=DMDLOG_0001&view=picture-download
220,221,1915,,Berta Dißmann,fraktur,"Wer spart, hilft siegen!",War cookbook,,,0.757296583458974,German,,Dresden,Germany,Staatsbibliothek zu Berlin,https://digital.staatsbibliothek-berlin.de/werkansicht?PPN=PPN715677578&view=picture-download
221,222,1915,,Dorothea Orf,fraktur,Der deutschen Hausfrauen Tischlein deck' dich!,War cookbook,,,0.926944359589116,German,,Eisenach,Germany,Staatsbibliothek zu Berlin,https://digital.staatsbibliothek-berlin.de/werkansicht?PPN=PPN715295748&view=picture-download
222,223,1915,,Ida Boy-Ed,fraktur,Des Vaterlandes Kochtopf,War cookbook,,,0.902392874601197,German,,Berlin,Germany,Staatsbibliothek zu Berlin,https://digital.staatsbibliothek-berlin.de/werkansicht?PPN=PPN715296493&view=picture-download
223,224,1915,,Gertrud Pick,fraktur,Volks-Kriegskochbuch,War cookbook,,,0.914945178225861,German,,Gotha,Germany,Staatsbibliothek zu Berlin,https://digital.staatsbibliothek-berlin.de/werkansicht?PPN=PPN723734577&view=picture-download
224,225,1915,,Rosa Brenneke,fraktur,Die deutsche Hausfrau im Weltkrieg,War cookbook,,,0.919990311555292,German,,Leipzig,Germany,Staatsbibliothek zu Berlin,https://digital.staatsbibliothek-berlin.de/werkansicht?PPN=PPN722059264&view=overview-info
225,226,1915,,Toni Schroeder,fraktur,Notstands-Küche,War cookbook,,,0.894839892597413,German,,Berlin,Germany,Staatsbibliothek zu Berlin,https://digital.staatsbibliothek-berlin.de/werkansicht?PPN=PPN722481330&view=picture-download
226,227,1915,,,fraktur,Bayerisches Kriegskochbüchlein,War cookbook,,2,0.933423346444311,German,,München,Germany,Staatsbibliothek zu Berlin,https://digital.staatsbibliothek-berlin.de/werkansicht?PPN=PPN728324679&view=overview-info
227,228,1915,,,fraktur,Kriegsküche,War cookbook,,,0.963915170745398,German,,Berlin,Germany,Staatsbibliothek zu Berlin,https://digital.staatsbibliothek-berlin.de/werkansicht?PPN=PPN688721737&view=overview-info
228,229,1915,,,fraktur,Oberschwäbisches Kriegskochbuch,War cookbook,,,0.89625327215726,German,,Riedlingen,Germany,Staatsbibliothek zu Berlin,https://digital.staatsbibliothek-berlin.de/werkansicht?PPN=PPN688718442&view=overview-info
229,230,1915,,Moritz Richter,fraktur,Kleines Kriegs-Kochbuch für die praktische Hausfrau,War cookbook,,,0.926298831876601,German,,Dresden,Germany,Staatsbibliothek zu Berlin,https://digital.staatsbibliothek-berlin.de/werkansicht?PPN=PPN672539578&view=overview-info
230,231,1915,,Else Wagner,fraktur,Eßt Kriegskost,War cookbook,,,0.944921053045063,German,,Weimar,Germany,Staatsbibliothek zu Berlin,https://digital.staatsbibliothek-berlin.de/werkansicht?PPN=PPN718939611&view=overview-info
231,232,1915,,Else Kesten-Conrad und Klara Briese,fraktur,Kriegskochbuch für die deutsche Hausfrau,War cookbook,,,0.873896716683331,German,,Jena,Germany,Staatsbibliothek zu Berlin,https://digital.staatsbibliothek-berlin.de/werkansicht?PPN=PPN721571751&view=overview-info
232,233,1915,,,fraktur,Deutsches Kriegskochbuch und Anleitung zum Gemüsebau,War cookbook,,,0.911645257730549,German,,Jena,Germany,Staatsbibliothek zu Berlin,https://digital.staatsbibliothek-berlin.de/werkansicht?PPN=PPN71520629X&view=overview-info
233,234,1915,,Wilhelm Warschatka,fraktur,Gemüse-Kriegskochbuch,War cookbook,,,0.930412424919138,German,,Leipzig,Germany,Staatsbibliothek zu Berlin,https://digital.staatsbibliothek-berlin.de/werkansicht?PPN=PPN715463667&view=overview-info
234,235,1915,,Mathilde Nouvel,fraktur,Sparsame Kriegskost,War cookbook,,,0.816349039430697,German,,Breslau,Germany,Staatsbibliothek zu Berlin,https://digital.staatsbibliothek-berlin.de/werkansicht?PPN=PPN717439399&view=picture-download
235,236,1915,,Artur Brehmer,fraktur,"FK: fleischlose, fettlose, fischlose Kriegs-Koch-Kunst",War cookbook,,,0.946550035623354,German,,"Berlin, Leipzig, Wien","Germany, Austria",Staatsbibliothek zu Berlin,https://digital.staatsbibliothek-berlin.de/werkansicht?PPN=PPN688552099&view=picture-download&PHYSID=PHYS_0003&DMDID=
236,237,1915,,,fraktur,Kriegs-Kochbuch,War cookbook,,,0.765593561849491,German,,"Berlin, Kattowitz, Breslau",Germany,Staatsbibliothek zu Berlin,https://digital.staatsbibliothek-berlin.de/werkansicht?PPN=PPN666404542&view=picture-download&PHYSID=PHYS_0001&DMDID=DMDLOG_0001
237,238,1915,,E. Ingelfinger,fraktur,Kriegskochbuch,War cookbook,,,0.916582801652963,German,,Stuttgart,Germany,Staatsbibliothek zu Berlin,https://digital.staatsbibliothek-berlin.de/werkansicht?PPN=PPN669268798&view=overview-info
238,239,1915,,,fraktur,Kriegskochbuch der Frauenhülfe,War cookbook,,,0.821976434753461,German,,Potsdam,Germany,Staatsbibliothek zu Berlin,https://digital.staatsbibliothek-berlin.de/werkansicht?PPN=PPN66926931X&view=overview-info
239,240,1915,,,fraktur,Kochbuch für den einfachen Haushalt,War cookbook,,4,0.935759861015287,German,,Breslau,Germany,Staatsbibliothek zu Berlin,https://digital.staatsbibliothek-berlin.de/werkansicht?PPN=PPN688722628&view=overview-info
240,241,1915,,Matilde Sonnemann-Henle,fraktur,Humoristisches Kriegskochbuch,"War cookbook, Poetry",,,0.575386244842522,German,,Wiesbaden,Germany,Universität Tübingen,http://idb.ub.uni-tuebingen.de/opendigi/DkXI3946_2#p=2
241,242,1915,,Hedwig Heyl,fraktur,Kriegskochbuch,War cookbook,,79,0.602967008321425,German,,Berlin,Germany,Wüttembergische Landesbibliothek,http://digital.wlb-stuttgart.de/sammlungen/sammlungsliste/werksansicht/?no_cache=1&tx_dlf%5Bid%5D=2351&tx_dlf%5Bpage%5D=1
242,243,1915,,,fraktur,Kieler Kriegskochbuch,War cookbook,,2,0.744815165607719,German,,Kiel,Germany,Wüttembergische Landesbibliothek,http://digital.wlb-stuttgart.de/sammlungen/sammlungsliste/werksansicht/?no_cache=1&tx_dlf%5Bid%5D=538&tx_dlf%5Bpage%5D=1
243,244,1914,1.0,Henriette Zimmermann,fraktur,Billige Küche in teuerer Zeit,War cookbook,,,0.868425260017026,German,,"Berlin, Leipzig, Wien, Zürich","Germany, Austria, Switzerland",Badische Landesbibliothek,https://digital.blb-karlsruhe.de/id/4279887
244,245,1913,,Maria Binswanger,latin,Die fleischlose Küche,"Vegetarian, Rational and medical",,,0.745402093197388,German,,Baden-Baden,Germany,Badische Landesbibliothek,https://digital.blb-karlsruhe.de/id/3162178
245,246,1912,,Mathilde Specht,fraktur,Kochbüchlein für den praktischen Haushaltungsunterricht,Bourgeois cooking,,10,0.73242157464881,German,,Leipzig,Germany,Badische Landesbibliothek,https://digital.blb-karlsruhe.de/id/3309702
246,247,1911,,David Amman,latin,Mazdaznan (Teil 1),"Rational and medical, Vegetarian",,11,0.908005422336605,German,,Leipzig,Germany,Sachsen.digital,https://sachsen.digital/werkansicht/287275/5/0?tx_dlf%5Bpagegrid%5D=0&cHash=2cb6a300f9f2e9b092defc774009a45d#
247,248,1911,,Marie Silbermann,fraktur,Winke für gesunde Ernährung und Kochbuch,Bourgeois cooking,,,0.748132011390485,German,,Dresden,Germany,Badische Landesbibliothek,https://digital.blb-karlsruhe.de/id/3181784
248,249,1911,,David Amman,latin,Mazdaznan (Teil 2),"Rational and medical, Vegetarian",,11,0.841234198225162,German,,Leipzig,Germany,Sachsen.digital,https://sachsen.digital/werkansicht/287276/5/0?cHash=db2114875c2cadcab40973846507f27a#
249,250,1910,,Carl Mauterer,fraktur,Die praktische Reform-Küche,"Rational and medical, Vegetarian",,,0.713844212078901,German,,Karlsruhe,Germany,Badische Landesbibliothek,https://digital.blb-karlsruhe.de/kochbuecher/content/titleinfo/3193357
250,251,1910,,Lina von Gruben und Luise Hartdegen,fraktur,Die Küche des Friedrich-Stifts,Bourgeois cooking,,6,0.86102667832579,German,,Karlsruhe,Germany,Badische Landesbibliothek,https://digital.blb-karlsruhe.de/kochbuecher/content/titleinfo/3162201
251,252,1909,,David Amman,latin,Mazdaznan,"Rational and medical, Vegetarian",,4,0.81031756945912,German,,Leipzig,Germany,Sachsen.digital,https://sachsen.digital/werkansicht/287277/5/0?cHash=b9e1a13147d61e6b8bf6f036eb48888f
252,253,1907,,,fraktur,Die Kunst zu kochen,Bourgeois cooking,,4,0.806348726302551,German,,Freiburg,Germany,Badische Landesbibliothek,https://digital.blb-karlsruhe.de/kochbuecher/content/titleinfo/3105686
253,254,1907,,,fraktur,Kochbüchlein für die Benützung der Kochkiste,Bourgeois cooking,,,0.694134355801434,German,,Karlsruhe,Germany,Badische Landesbibliothek,https://digital.blb-karlsruhe.de/kochbuecher/content/titleinfo/3184622
254,255,1907,,Maria Binswanger,latin,Diätetisches Kochbuch,Rational and medical,,,0.794183931985053,German,,Baden-Baden,Germany,Badische Landesbibliothek,https://digital.blb-karlsruhe.de/id/3295603
255,256,1905,,Emma Faißt,fraktur,Neues praktisches Koch-Buch für die badische Küche,Bourgeois cooking,,2,0.853414124338075,German,,Karlsruhe,Germany,Badische Landesbibliothek,https://digital.blb-karlsruhe.de/id/3106724
256,257,1905,,Frieda Thoma,fraktur,Hausfrauen-Kochbuch,Bourgeois cooking,,,0.783460238155187,German,,Lahr,Germany,Badische Landesbibliothek,https://digital.blb-karlsruhe.de/id/3236685
257,258,1903,,,fraktur,Kochbüchlein für die Benützung der Kochkiste,Bourgeois cooking,,,0.75802712859061,German,,Karlsruhe,Germany,Badische Landesbibliothek,https://digital.blb-karlsruhe.de/id/3106638
258,259,1900,,Therese Adam,fraktur,Schlesisches Kochbuch,Bourgeois cooking,,,0.850808416149429,German,,Troppau,Germany,SLUB Dresden,https://digital.slub-dresden.de/werkansicht/dlf/14474/7#
259,260,1900,,Mathilde Specht,fraktur,Kochbuch für den praktischen Haushaltungsunterricht,Bourgeois cooking,,,0.630462856014623,German,,Wiesbaden,Germany,Badische Landesbibliothek,https://digital.blb-karlsruhe.de/id/3183550
260,261,1897,1.0,Emmy Braun,fraktur,Neues Pfälzisches Kochbuch für bürgerliche und feine Küche,"Bourgeois cooking, Fine cooking",,5,0.866702524413435,German,,Grünstadt,Germany,SLUB Dresden,https://digital.slub-dresden.de/werkansicht/dlf/351789/5#
261,262,1897,,Henriette Löffler,fraktur,Großes Illustriertes Kochbuch,Bourgeois cooking,,,0.932147384572137,German,,Ulm,Germany,SLUB Dresden,https://digital.slub-dresden.de/werkansicht/dlf/351828/12
262,263,1897,,Viktoria Zähringer,fraktur,Kochbuch für die badische und elsässische gewöhnliche und feinere Küche,"Bourgeois cooking, Fine cooking",,2,0.850090288620925,German,,Freiburg,Germany,Badische Landesbibliothek,https://digital.blb-karlsruhe.de/id/3105691
263,264,1896,,Emil Weilshäuser,fraktur,E. Weilshäuser's illustriertes vegetarisches Kochbuch,Vegetarian,,4,0.937327713604454,German,,Leipzig,Germany,SLUB Dresden,https://digital.slub-dresden.de/werkansicht/dlf/6544/1#
264,265,1894,,Henriette Pelz,fraktur,Schlesisches Kochbuch für bürgerliche Haushaltungen,Bourgeois cooking,,7,0.926719297503165,German,,Breslau,Germany,SLUB Dresden,https://digital.slub-dresden.de/werkansicht/dlf/14475/1#
265,266,1894,,A. Straßer,fraktur,A. Straßer's deutsches Preis-Kochbuch,"Bourgeois cooking, Fine cooking",,30,0.746455570836118,German,,"Freiburg, Leipzig",Germany,Badische Landesbibliothek,https://digital.blb-karlsruhe.de/kochbuecher/content/pageview/3239827
266,267,1892,,M.S. Kübler,fraktur,Neues deutsches Kochbuch,Bourgeois cooking,,3,0.871424995067854,German,,Stuttgart,Germany,SLUB Dresden,https://digital.slub-dresden.de/werkansicht/dlf/11972/1#
267,268,1891,,Hedwig Heyl,fraktur,Volks-Kochbuch für die Hand der Lehrerin  (2. Teil),Bourgeois cooking,,,0.794277775670837,German,,Berlin,Germany,SLUB Dresden,https://digital.slub-dresden.de/werkansicht/dlf/17155/1#
268,269,1890,,Auguste Kux,fraktur,Kleines Kochbuch,Bourgeois cooking,,,0.938488631385082,German,,Mülheim an der Ruhr,Germany,SLUB Dresden,https://digital.slub-dresden.de/werkansicht/dlf/10055/5
269,270,1890,,Fanny Beck,fraktur,Hygienisches Kochbuch,Rational and medical,,,0.821190811860427,German,,Berlin,Germany,SLUB Dresden,https://digital.slub-dresden.de/werkansicht/dlf/9236/8
278,279,1875,,Johanna Boy,fraktur,Studenten-Kochbuch,,,,0.87119025667016,German,,Gotha,Germany,Staatsbibliothek zu Berlin,https://digital.staatsbibliothek-berlin.de/werkansicht?PPN=PPN635355604&PHYSID=PHYS_0016&DMDID=DMDLOG_0004&view=overview-info
279,280,1874,,Crescentia Bohrer,fraktur,Crescentia Bohrer's Freiburger Kochbuch,Bourgeois cooking,,5,0.88250269806906,German,,Freiburg,Germany,SLUB Dresden,https://digital.slub-dresden.de/werkansicht/dlf/3703/5
280,281,1873,,Josef Wiel,latin,Diätetisches Koch-Buch,Rational and medical,,2,0.758519198817912,German,,Freiburg,Germany,Badische Landesbibliothek,https://digital.blb-karlsruhe.de/id/3183601
281,282,1872,,L. Wolff-Küchler,fraktur,"Supp', Gemüs' und Fleisch",Bourgeois cooking,,18,0.921362452386725,German,,Darmstadt,Germany,SLUB Dresden,https://digital.slub-dresden.de/werkansicht/dlf/15489/2
282,283,1870,,Elise Weber,fraktur,Das beste Bürger-Kochbuch für den täglichen Tisch,Bourgeois cooking,,12,0.913282289296743,German,,Leipzig,Germany,SLUB Dresden,https://digital.slub-dresden.de/werkansicht/dlf/50854/2
283,284,1870,,Marie Abele,fraktur,Neuestes Stuttgarter Kochbuch,Bourgeois cooking,,,0.866534917735708,German,,Stuttgart,Germany,SLUB Dresden,https://digital.slub-dresden.de/werkansicht/dlf/12114/5
284,285,1870,,Crescentia Bohrer,fraktur,Crescentia Bohrer's Freiburger Kochbuch,Bourgeois cooking,,4,0.866555762776073,German,,Freiburg,Germany,Badische Landesbibliothek,https://digital.blb-karlsruhe.de/id/3170667
285,286,1869,,Ignaz Benoit,fraktur,"Praktisches Kochbuch für Fleisch-, Geflügel- und Fischarten",Bourgeois cooking,,2,0.857823931057256,German,,Berlin,Germany,SLUB Dresden,https://digital.slub-dresden.de/werkansicht/dlf/13321/1#
286,287,1869,,Elise Weber,fraktur,Das beste Bürger-Kochbuch für den täglichen Tisch,Bourgeois cooking,,10,0.891180101209187,German,,Leipzig,Germany,SLUB Dresden,https://digital.slub-dresden.de/werkansicht/dlf/32070/1#
287,288,1867,,J. G. Sartory,fraktur,Neuestes Augsburger Kochbuch oder die Schwäbisch-Bayerische Küche,Fine cooking,,3,0.950701624657162,German,,Augsburg,Germany,SLUB Dresden,https://digital.slub-dresden.de/werkansicht/dlf/11949/1#
288,289,1866,,,fraktur,Neues praktisches Badisches Kochbuch,Bourgeois cooking,,9,0.912115275790775,German,,Karlsruhe,Germany,SLUB Dresden,https://digital.slub-dresden.de/werkansicht/dlf/12071/5#
289,290,1866,,A. Dietze,fraktur,Neuestes Dresdener Kochbuch zum Gebrauch für Stadt und Land,Bourgeois cooking,,3,0.91697598729521,German,,Dresden,Germany,SLUB Dresden,https://digital.slub-dresden.de/werkansicht/dlf/11973/7#
290,291,1865,,Sophie Albrecht,fraktur,Thüringisches Kochbuch für die bürgerliche Küche,Bourgeois cooking,,6,0.907985060718957,German,,Leipzig,Germany,SLUB Dresden,https://digital.slub-dresden.de/werkansicht/dlf/15981/5
291,292,1864,,H. Klietsch und J.H. Siebell,fraktur,Vollständiges und allgemein nützliches Bamberger Kochbuch zum Gebrauche für alle Stände (1. Abtheilung),Bourgeois cooking,,,0.906292098161045,German,,Bamberg,Germany,SLUB Dresden,https://digital.slub-dresden.de/werkansicht/dlf/17233/7#
292,293,1863,,Elise Weber,fraktur,Deutsches Bürger-Kochbuch für den täglichen Tisch,Bourgeois cooking,,5,0.898182923923734,German,,Leipzig,Germany,SLUB Dresden,https://digital.slub-dresden.de/werkansicht/dlf/31863/1#
293,294,1862,,Sophie Roehmer,fraktur,Praktisches Kochbuch für bürgerliche Hausfrauen,Bourgeois cooking,,,0.925046308679309,German,,Dresden,Germany,SLUB Dresden,https://digital.slub-dresden.de/werkansicht/dlf/25320/5#
294,295,1862,,F.V. Haupner,fraktur,Kochbuch für Haushaltungen aller Stände,Bourgeois cooking,,8,0.884082293634188,German,,Berlin,Germany,SLUB Dresden,https://digital.slub-dresden.de/werkansicht/dlf/10080/7#
295,296,1862,,Pauline Müller,fraktur,Neues Kochbuch für Haushaltungen aller Stände,Bourgeois cooking,,3,0.905546016766812,German,,Reutlingen,Germany,SLUB Dresden,https://digital.slub-dresden.de/werkansicht/dlf/12005/1
